setting,csp_or_gpo_name,mdm_path_or_registry,values,default,effect,source
Download Mode,DODownloadMode / GPO Download Mode,./Device/Vendor/MSFT/Policy/Config/DeliveryOptimization/DODownloadMode; HKLM\SOFTWARE\Policies\Microsoft\Windows\DeliveryOptimization,"0 HTTP only no peering; 1 LAN (same NAT); 2 Group (private group); 3 Internet peering; 99 Simple (no DO cloud service, no peering); 100 Bypass (deprecated Win11, forces BITS)",0 in the CSP (Policy CSP default); Delivery Optimization's own client default when unconfigured is LAN (1),"Selects which sources (HTTP/CDN, Connected Cache, peers) DO may use in addition to Windows Update servers",S-3dmxye5u; S-7olkz3h6
Max cache age,DOMaxCacheAge / GPO Max cache age,./Device/Vendor/MSFT/Policy/Config/DeliveryOptimization/DOMaxCacheAge,integer seconds; 0 = unlimited,0 in the CSP; DO's own default behavior is 259200 (3 days),Maximum time a successfully downloaded file stays in the DO cache,S-3dmxye5u; S-7olkz3h6
Max cache size,DOMaxCacheSize / GPO Max cache size,./Device/Vendor/MSFT/Policy/Config/DeliveryOptimization/DOMaxCacheSize,1-100 (percent of available drive space),0 in the CSP; DO default behavior is 20%,Caps DO cache as a percentage of available disk space,S-3dmxye5u; S-7olkz3h6
Absolute max cache size,DOAbsoluteMaxCacheSize,./Device/Vendor/MSFT/Policy/Config/DeliveryOptimization/DOAbsoluteMaxCacheSize,0-4294967295 (GB); 0 = not configured,0 (not configured),Caps DO cache in GB; overrides Max Cache Size (percentage) when set,S-3dmxye5u; S-7olkz3h6
Modify cache drive,DOModifyCacheDrive,./Device/Vendor/MSFT/Policy/Config/DeliveryOptimization/DOModifyCacheDrive,"string: env var, drive letter, or folder path",%SYSTEMDRIVE% (OS drive),Relocates the DO cache to another drive/path; min-disk-size check then applies to the new location,S-7olkz3h6
Minimum peer caching content file size,DOMinFileSizeToCache,./Device/Vendor/MSFT/Policy/Config/DeliveryOptimization/DOMinFileSizeToCache,1-100000 MB,0 in the CSP; DO default behavior is 50 MB,Files smaller than this are never offered for peer caching,S-3dmxye5u; S-7olkz3h6
Maximum foreground download bandwidth (%),DOPercentageMaxForegroundBandwidth,./Device/Vendor/MSFT/Policy/Config/DeliveryOptimization/DOPercentageMaxForegroundBandwidth,0-100; 0 = dynamic,0 (dynamic adjustment),Caps interactive-download bandwidth from all HTTP sources (CDN + Connected Cache) and non-local peers; LAN peers are never throttled by it,S-3dmxye5u; S-7olkz3h6
Maximum background download bandwidth (%),DOPercentageMaxBackgroundBandwidth,./Device/Vendor/MSFT/Policy/Config/DeliveryOptimization/DOPercentageMaxBackgroundBandwidth,0-100; 0 = dynamic,0 (dynamic adjustment),Same as above for background downloads,S-3dmxye5u; S-7olkz3h6
Maximum foreground download bandwidth (KB/s),DOMaxForegroundDownloadBandwidth,./Device/Vendor/MSFT/Policy/Config/DeliveryOptimization/DOMaxForegroundDownloadBandwidth,0-4294967295 KB/s; 0 = dynamic,0 (dynamic adjustment),Absolute foreground bandwidth cap; recommended over the percentage setting for low-bandwidth sites,S-3dmxye5u; S-7olkz3h6
Maximum background download bandwidth (KB/s),DOMaxBackgroundDownloadBandwidth,./Device/Vendor/MSFT/Policy/Config/DeliveryOptimization/DOMaxBackgroundDownloadBandwidth,0-4294967295 KB/s; 0 = dynamic,0 (dynamic adjustment),Absolute background bandwidth cap,S-3dmxye5u; S-7olkz3h6
Minimum background QoS,DOMinBackgroundQos,./Device/Vendor/MSFT/Policy/Config/DeliveryOptimization/DOMinBackgroundQos,1-4294967295 KB/s,0 in the CSP; DO default behavior is 20 MB/s,"Below this measured speed, background downloads pull from peers and HTTP together; above it, HTTP connections close and only peers are used",S-3dmxye5u; S-7olkz3h6
Monthly upload data cap,DOMonthlyUploadDataCap,./Device/Vendor/MSFT/Policy/Config/DeliveryOptimization/DOMonthlyUploadDataCap,0-4294967295 GB; 0 = unlimited,0 in the CSP; DO default behavior is 20 GB,Caps total monthly upload to Internet peers,S-3dmxye5u; S-7olkz3h6
Group ID,DOGroupId,./Device/Vendor/MSFT/Policy/Config/DeliveryOptimization/DOGroupId,GUID string,not configured,Custom peer group independent of AD site/domain/tenant boundaries; used with Download Mode Group (2),S-3dmxye5u; S-7olkz3h6
Select the source of Group IDs,DOGroupIdSource,./Device/Vendor/MSFT/Policy/Config/DeliveryOptimization/DOGroupIdSource,0 Not set; 1 AD Site; 2 Authenticated domain SID; 3 DHCP Option ID (234); 4 DNS Suffix; 5 Entra tenant ID,0 (falls back to AD Site (1) -> domain SID (2) -> Entra tenant ID (5) in that order),Chooses how the Group ID is derived automatically when DOGroupId is not set; ignored unless Download Mode = Group (2),S-3dmxye5u; S-7olkz3h6
Select a method to restrict peer selection,DORestrictPeerSelectionBy,./Device/Vendor/MSFT/Policy/Config/DeliveryOptimization/DORestrictPeerSelectionBy,0 None; 1 Subnet mask; 2 Local Peer Discovery (DNS-SD),0 (None),Further restricts peer discovery within LAN (1) or Group (2) download mode; Windows 11 LAN mode restricts to local subnet by default,S-3dmxye5u; S-7olkz3h6
Minimum RAM allowed to peer,DOMinRAMAllowedToPeer,./Device/Vendor/MSFT/Policy/Config/DeliveryOptimization/DOMinRAMAllowedToPeer,1-100000 GB,0 in the CSP; DO default behavior is 4 GB,Devices below this installed RAM never participate in peer caching,S-3dmxye5u; S-7olkz3h6
Minimum disk size allowed to peer,DOMinDiskSizeAllowedToPeer,./Device/Vendor/MSFT/Policy/Config/DeliveryOptimization/DOMinDiskSizeAllowedToPeer,1-100000 GB,0 in the CSP; DO default behavior is 32 GB,Devices below this total disk size never participate in peer caching,S-3dmxye5u; S-7olkz3h6
Enable P2P over VPN,DOAllowVPNPeerCaching,./Device/Vendor/MSFT/Policy/Config/DeliveryOptimization/DOAllowVPNPeerCaching,0 Not allowed; 1 Allowed,0 (not allowed),"When 0 (default), a detected VPN connection disables peering (except Local Peer Discovery); set to 1 to allow peering while on VPN",S-3dmxye5u; S-7olkz3h6
VPN keywords,DOVpnKeywords,./Device/Vendor/MSFT/Policy/Config/DeliveryOptimization/DOVpnKeywords,comma-separated string list,not configured (default keywords: VPN; Secure; Virtual Private Network),Extends the adapter-description keywords DO uses to auto-detect a VPN connection for the peering-on-VPN check,S-3dmxye5u; S-7olkz3h6
Allow uploads on battery under set level,DOMinBatteryPercentageAllowedToUpload,./Device/Vendor/MSFT/Policy/Config/DeliveryOptimization/DOMinBatteryPercentageAllowedToUpload,0-100 (percent); 0 = not configured,0 (uploads on battery are disabled by default until this policy is enabled),Devices upload to peers on battery only above the configured percentage; recommended value 40,S-3dmxye5u; S-7olkz3h6
Delay foreground download from HTTP,DODelayForegroundDownloadFromHttp,./Device/Vendor/MSFT/Policy/Config/DeliveryOptimization/DODelayForegroundDownloadFromHttp,0-4294967295 seconds,not configured,"Delays falling back to HTTP for a P2P-eligible foreground download, favoring peer sources first",S-3dmxye5u; S-7olkz3h6
Delay background download from HTTP,DODelayBackgroundDownloadFromHttp,./Device/Vendor/MSFT/Policy/Config/DeliveryOptimization/DODelayBackgroundDownloadFromHttp,0-4294967295 seconds,not configured,Same as above for background downloads,S-3dmxye5u; S-7olkz3h6
Cache server hostname (Connected Cache),DOCacheHost,./Device/Vendor/MSFT/Policy/Config/DeliveryOptimization/DOCacheHost,comma-separated FQDNs or IPs (empty string still counts as configured),no value configured,Points clients at one or more Microsoft Connected Cache servers; with several hosts the DO reference says clients round-robin and can download from several at once while the Policy CSP note says they round-robin until one connects and never use several at the same time,S-3dmxye5u; S-7olkz3h6
Cache server hostname source,DOCacheHostSource,./Device/Vendor/MSFT/Policy/Config/DeliveryOptimization/DOCacheHostSource,1 DHCP Option 235; 2 DHCP Option 235 Force,no value configured,"Lets clients discover the Connected Cache host via DHCP Option 235 instead of/along with DOCacheHost; value 2 (Force) overrides a statically configured DOCacheHost, value 1 only applies when DOCacheHost is unset",S-3dmxye5u; S-7olkz3h6
Disallow cache server downloads on VPN,DODisallowCacheServerDownloadsOnVPN,./Device/Vendor/MSFT/Policy/Config/DeliveryOptimization/DODisallowCacheServerDownloadsOnVPN,0 Not set (allowed); 1 Enabled (blocked),0 (allowed on VPN),Blocks Connected Cache downloads while the device has an active VPN connection; requires Windows 11 22H2 + KB5030310,S-3dmxye5u; S-7olkz3h6
Delay foreground cache server fallback,DODelayCacheServerFallbackForeground,./Device/Vendor/MSFT/Policy/Config/DeliveryOptimization/DODelayCacheServerFallbackForeground,0-2592000 seconds,0 (not configured),Delays falling back from Connected Cache to HTTP/CDN for foreground downloads; the peer-to-peer HTTP delay applies first if also configured,S-3dmxye5u; S-7olkz3h6
Delay background cache server fallback,DODelayCacheServerFallbackBackground,./Device/Vendor/MSFT/Policy/Config/DeliveryOptimization/DODelayCacheServerFallbackBackground,0-2592000 seconds,0 (not configured),Same as above for background downloads,S-3dmxye5u; S-7olkz3h6
Maximum download bandwidth (deprecated),DOMaxDownloadBandwidth,./Device/Vendor/MSFT/Policy/Config/DeliveryOptimization/DOMaxDownloadBandwidth,0-4294967295 KB/s; 0 = dynamic,0 (dynamic),Deprecated in Windows 10 2004; caps download KB/s across all concurrent DO downloads,S-7olkz3h6
