setting,gpo_registry_value,csp_node,values,default,applies_to_entra,applies_to_ad,min_os,source
BackupDirectory,BackupDirectory (DWORD),Policies/BackupDirectory,0=disabled;1=Entra ID;2=Active Directory,0,yes,yes,Windows 10 22H2 KB5025221 / Windows 11 21H2 KB5025224 / Windows 11 22H2 KB5025239 / Server 2019+ Apr 2023 update,S-twjwzzdw;S-jmzxsdjr
PasswordAgeDays,PasswordAgeDays (DWORD),Policies/PasswordAgeDays,1-365 (min 7 when BackupDirectory=1),30,yes,yes,same as BackupDirectory,S-twjwzzdw;S-jmzxsdjr
PasswordLength,PasswordLength (DWORD),Policies/PasswordLength,8-64,14,yes,yes,same as BackupDirectory,S-twjwzzdw;S-jmzxsdjr
PassphraseLength,PassphraseLength (DWORD),Policies/PassphraseLength,3-10 words; only used when PasswordComplexity is 6-8,6,yes,yes,Windows 11 24H2 / Server 2025,S-twjwzzdw;S-jmzxsdjr
PasswordComplexity,PasswordComplexity (DWORD),Policies/PasswordComplexity,1=large letters;2=+small letters;3=+numbers;4=+special chars;5=4 with improved readability;6=passphrase long words;7=passphrase short words;8=passphrase short words with unique prefixes,4,yes,yes,values 5-8 need Windows 11 24H2 / Server 2025; older OS falls back to default 4 on unsupported values,S-twjwzzdw;S-jmzxsdjr
PasswordExpirationProtectionEnabled,PasswordExpirationProtectionEnabled (DWORD),Policies/PasswordExpirationProtectionEnabled,true/false,true,no,yes,same as BackupDirectory,S-twjwzzdw;S-jmzxsdjr
AdministratorAccountName,AdministratorAccountName (SZ),Policies/AdministratorAccountName,account name string; unset = built-in admin located by well-known RID,unset (built-in admin by RID),yes,yes,same as BackupDirectory,S-twjwzzdw;S-jmzxsdjr
PostAuthenticationResetDelay,PostAuthenticationResetDelay (DWORD),Policies/PostAuthenticationResetDelay,0-24 hours; 0 disables all post-authentication actions,24,yes,yes,same as BackupDirectory,S-twjwzzdw;S-jmzxsdjr
PostAuthenticationActions,PostAuthenticationActions (DWORD),Policies/PostAuthenticationActions,1=reset password;3=reset+logoff;5=reset+reboot;11=reset+logoff+terminate remaining processes,3,yes,yes,value 11 needs Windows 11 24H2 / Server 2025,S-twjwzzdw;S-jmzxsdjr
ADPasswordEncryptionEnabled,ADPasswordEncryptionEnabled (DWORD),Policies/ADPasswordEncryptionEnabled,true/false; requires AD domain functional level 2016+ else stored clear-text,true,no,yes,requires DFL 2016+,S-twjwzzdw;S-jmzxsdjr
ADPasswordEncryptionPrincipal,ADPasswordEncryptionPrincipal (SZ),Policies/ADPasswordEncryptionPrincipal,SID or fully qualified user/group name; invalid value = policy processing failure (no backup),unset (Domain Admins of device's domain),no,yes,requires ADPasswordEncryptionEnabled=true,S-twjwzzdw;S-jmzxsdjr
ADEncryptedPasswordHistorySize,ADEncryptedPasswordHistorySize (DWORD),Policies/ADEncryptedPasswordHistorySize,0-12,0 (disabled),no,yes,requires ADPasswordEncryptionEnabled=true and BackupDirectory=2,S-twjwzzdw;S-jmzxsdjr
ADBackupDSRMPassword,ADBackupDSRMPassword (DWORD),not exposed in CSP,true/false; DSRM backup only supported to AD with encryption enabled,false,no,domain controllers only,same as BackupDirectory,S-twjwzzdw
AutomaticAccountManagementEnabled,AutomaticAccountManagementEnabled (DWORD),Policies/AutomaticAccountManagementEnabled,true/false,false,yes,yes,Windows 11 24H2 / Server 2025,S-jmzxsdjr
AutomaticAccountManagementTarget,AutomaticAccountManagementTarget (DWORD),Policies/AutomaticAccountManagementTarget,0=manage built-in administrator account;1=manage a new custom account created by Windows LAPS,1,yes,yes,Windows 11 24H2 / Server 2025,S-jmzxsdjr
AutomaticAccountManagementNameOrPrefix,AutomaticAccountManagementNameOrPrefix (SZ),Policies/AutomaticAccountManagementNameOrPrefix,name or prefix string; max 20 characters,WLapsAdmin,yes,yes,Windows 11 24H2 / Server 2025,S-jmzxsdjr
AutomaticAccountManagementRandomizeName,AutomaticAccountManagementRandomizeName (DWORD),Policies/AutomaticAccountManagementRandomizeName,true/false; true appends a random 6-digit numeric suffix,false,yes,yes,Windows 11 24H2 / Server 2025,S-jmzxsdjr
AutomaticAccountManagementEnableAccount,AutomaticAccountManagementEnableAccount (DWORD),Policies/AutomaticAccountManagementEnableAccount,true=enable target account;false=disable target account,false,yes,yes,Windows 11 24H2 / Server 2025,S-jmzxsdjr
ResetPassword (CSP action),not available via GPO,Actions/ResetPassword,exec node; no data,n/a,yes,yes,same as BackupDirectory,S-jmzxsdjr
ResetPasswordStatus (CSP action),not available via GPO,Actions/ResetPasswordStatus,HRESULT: 0x0 succeeded;0x8000000 pending;other=error code,0,yes,yes,same as BackupDirectory,S-jmzxsdjr
