setting,oma_uri_suffix,type,values_range,default,notes,source
DeferQualityUpdatesPeriodInDays,Update/DeferQualityUpdatesPeriodInDays,int,0-30,0,pause via PauseQualityUpdatesStartTime holds for 35 days or until start date field cleared,S-2z6lunfo
DeferFeatureUpdatesPeriodInDays,Update/DeferFeatureUpdatesPeriodInDays,int,0-365 (0-14 for prerelease channels),0,pause via PauseFeatureUpdatesStartTime holds for 35 days from start date or until cleared; quality updates still offered while feature updates paused,S-2z6lunfo
ConfigureDeadlineForQualityUpdates,Update/ConfigureDeadlineForQualityUpdates,int,0-30,1,"days before quality updates install automatically regardless of active hours; when configured, AllowAutoUpdate download/install/reboot settings are ignored; 0 = install immediately (may not finish same day)",S-2z6lunfo
ConfigureDeadlineForFeatureUpdates,Update/ConfigureDeadlineForFeatureUpdates,int,0-30,2,same mechanics as the quality-update deadline but for feature updates,S-2z6lunfo
ConfigureDeadlineGracePeriod,Update/ConfigureDeadlineGracePeriod,int,0-7,2,minimum days from update installation until automatic restart; only takes effect when ConfigureDeadlineForQualityUpdates is configured; if that policy is set but this one is not the default 2 days applies,S-2z6lunfo
ConfigureDeadlineGracePeriodForFeatureUpdates,Update/ConfigureDeadlineGracePeriodForFeatureUpdates,int,0-7,7,"feature-update analogue of ConfigureDeadlineGracePeriod; falls back to ConfigureDeadlineGracePeriod's value if unset, then to a default of 7 days if that is also unset",S-2z6lunfo
ConfigureDeadlineNoAutoReboot,Update/ConfigureDeadlineNoAutoRebootForQualityUpdates,int,0=disabled;1=enabled,0,"""don't auto-restart until end of grace period"" toggle for quality-update deadlines (Windows 11 22H2+); a feature-update equivalent, ConfigureDeadlineNoAutoRebootForFeatureUpdates, has the same 0/1 shape",S-2z6lunfo
ConfigureFeatureUpdateUninstallPeriod,Update/ConfigureFeatureUpdateUninstallPeriod,int,2-60 days,10,window in which a device can uninstall/roll back its latest installed feature update; devices past the period can no longer roll back (CSP default 10; Intune update-ring UI shows 14 as its own separate walkthrough example default),S-2z6lunfo;S-nxcrbrj4
AllowAutoUpdate,Update/AllowAutoUpdate,int,"0=notify before download;1=auto install+notify to schedule restart;2=auto install and restart (default);3=auto install and restart at specified time (default 3 AM if unspecified);4=auto install and restart, no end-user control;5=turn off automatic updates",2,"when this policy is used, IT sets scan/download/install/restart behavior; leaving it unconfigured gives users default Auto install and restart",S-2z6lunfo
ActiveHoursStart,Update/ActiveHoursStart,int,0-23 (hour of day),8,device won't restart automatically inside the active-hours window,S-2z6lunfo
ActiveHoursEnd,Update/ActiveHoursEnd,int,0-23 (hour of day),17,default max active-hours range is 18 hours from ActiveHoursStart unless ActiveHoursMaxRange is configured,S-2z6lunfo
ActiveHoursMaxRange,Update/ActiveHoursMaxRange,int,8-18 hours,18,maximum number of hours from ActiveHoursStart that users can set their own active hours,S-2z6lunfo
BranchReadinessLevel,Update/BranchReadinessLevel,int,2=Insider Fast;4=Insider Slow;8=Release Insider;16=Semi-Annual Enterprise Channel (Preview);32=Semi-Annual Enterprise Channel (pre-1903 only; merged into 16 from 1903+);64=Release Preview quality-updates-only;128=Canary Channel,16,selects the servicing channel a device receives feature updates from,S-2z6lunfo
TargetReleaseVersion,Update/TargetReleaseVersion,string,Windows version number string e.g. 22H2/23H2,unset,requires ProductVersion also set to work,S-2z6lunfo
ProductVersion,Update/ProductVersion,string,"e.g. ""Windows 10"", ""Windows 11"", ""11""",unset (device stays on its current product if not specified),must be set alongside TargetReleaseVersion to move a device to a new Windows product (e.g. 10 -> 11); admin attests to appropriate licensing when doing so,S-2z6lunfo
ExcludeWUDriversInQualityUpdate,Update/ExcludeWUDriversInQualityUpdate,int,0=drivers included (allow);1=drivers excluded,0,Intune update-ring UI "Windows drivers" setting,S-2z6lunfo;S-nxcrbrj4
ManagePreviewBuilds,Update/ManagePreviewBuilds,int,0=disable preview builds;1=disable preview builds once next release is public;2=enable preview builds;3=left to user selection (default),3,controls Insider preview-build opt-in for managed devices,S-2z6lunfo
SetDisablePauseUXAccess,Update/SetDisablePauseUXAccess,int,0=allow user to pause;1=disable the Pause updates UX,0,"Intune update-ring UI ""Option to pause Windows updates""",S-2z6lunfo
PauseQualityUpdatesStartTime,Update/PauseQualityUpdatesStartTime,string (date),date string,unset,pauses quality-update offering for 35 days from this date or until the field is cleared,S-2z6lunfo
PauseFeatureUpdatesStartTime,Update/PauseFeatureUpdatesStartTime,string (date),date string,unset,pauses feature-update offering for 35 days from this date or until cleared; quality updates keep flowing,S-2z6lunfo
SetPolicyDrivenUpdateSourceForQualityUpdates,Update/SetPolicyDrivenUpdateSourceForQualityUpdates,int,0=Windows Update;1=WSUS (default),1,chooses whether quality-update content is sourced from Windows Update or the configured WSUS server; has no effect unless Update/UpdateServiceUrl is also configured; Microsoft recommends configuring all four SetPolicyDrivenUpdateSourceFor* scan-source policies together,S-2z6lunfo
SetPolicyDrivenUpdateSourceForFeatureUpdates,Update/SetPolicyDrivenUpdateSourceForFeatureUpdates,int,0=Windows Update;1=WSUS (default),1,feature-update analogue of the quality-update scan-source setting,S-2z6lunfo
SetPolicyDrivenUpdateSourceForDriverUpdates,Update/SetPolicyDrivenUpdateSourceForDriverUpdates,int,0=Windows Update;1=WSUS (default),1,"driver-update analogue of the scan-source setting; used to split driver sourcing between WSUS and cloud Windows Update",S-2z6lunfo;S-4oi245yf
UpdateServiceUrl,Update/UpdateServiceUrl,string,WSUS server URL e.g. http://PL-SRV-0042:8530,unset (device checks Microsoft Update),points the device at an on-prem WSUS server instead of Microsoft Update,S-2z6lunfo
DetectionFrequency,Update/DetectionFrequency,int,1-22 hours,22,"how often the device rescans Windows Update for applicable content; ~22 hours by default per the expedited-update documentation",S-2z6lunfo;S-qffa6b5k
AllowAutoWindowsUpdateDownloadOverMeteredNetwork,Update/AllowAutoWindowsUpdateDownloadOverMeteredNetwork,int,0=disallow;1=allow,0,allows automatic update download over a metered connection,S-2z6lunfo
UpdateNotificationLevel,Update/UpdateNotificationLevel,int,0=use default notifications;1=turn off all except restart warnings;2=turn off all including restart warnings,0,Intune update-ring UI "Change notification update level",S-2z6lunfo
