flow_id,status,kind,target,protocol,identity,credential_and_storage,transport_and_key_exchange,minimal_permission,revocation_and_delay,sources
F01,current,client,ConfigMgr AdminService,HTTPS REST (OData v4) with Negotiate; Kerberos only since ConfigMgr 2509 (NTLM rejected),engineer (AD account),Kerberos TGT/service ticket in the logon session (LSA; Credential Guard isolates it when on); SPN HTTP/<SMS Provider FQDN>,TLS to port 443 with the site's self-signed certificate unless a PKI certificate is bound; Kerberos AES session key (RC4 off by default for service tickets from the 2026-04 updates),ConfigMgr security role + scope per operation (see permissions-matrix.csv); SMS Provider authentication level may also demand certificate or WHfB MFA,AD disable or group removal: no new service tickets once the KDC refuses them; existing service ticket valid up to its lifetime (default 600 min); see revocation.md,S300;S301;S307;S311;S1212;S1213;S1215;S1216
F02,current,client,SQL Server (identity database),TDS with Windows authentication (Kerberos),engineer (AD account; access through an AD group login),Kerberos ticket; SPN MSSQLSvc/<fqdn>:<port>,TLS per driver (ODBC Driver 18 / mssql-python encrypt defaults; see sqlserver/); Kerberos AES session key,reader role SELECT; INSERT on dbo.operation with DENY UPDATE and DELETE,group changes apply at the next connection; open connections keep their security context,S468;S469;S1206;S1207
F03,current,client,Microsoft Graph (reads),OAuth 2.0 auth code + PKCE via MSAL Python public client (WAM broker on Windows),engineer (Entra user; delegated),no client secret; refresh token held by WAM or an MSAL cache persisted with msal-extensions (DPAPI on Windows),TLS to login.microsoftonline.com and graph.microsoft.com; optional Token Protection (Windows native clients); CAE with client capability cp1,delegated Device.Read.All; DeviceManagementManagedDevices.Read.All; User.Read for /me/checkMemberGroups,revokeSignInSessions kills refresh tokens in minutes; an issued access token lives to expiry (default 60-90 min; up to 28 h for CAE-capable sessions where the resource enforces CAE),S1270;S1271;S1227;S1286;S1296;S1345;S1347;S512;S518
F04,current,site,Microsoft Graph (app-only reads),OAuth 2.0 client credentials,Entra app sync-app,certificate credential (MSAL Python takes a readable PEM/PFX private key; a non-exportable CNG/TPM key needs a custom client_assertion signer) or no stored secret via Arc managed identity (core Arc features free; app roles assigned by Graph/PowerShell),TLS; signed client assertion JWT,application Device.Read.All; DeviceManagementManagedDevices.Read.All; DeviceManagementServiceConfig.Read.All,remove the key credential / disable the service principal; issued app tokens live to expiry except that CAE for workload identities (Graph; single-tenant service principals; not managed identities) revokes on SP disable/delete or high risk,S512;S518;S521;S1289;S1290;S1303;S1306
F05,current,site,Defender for Endpoint API,OAuth 2.0 client credentials (resource WindowsDefenderATP),Entra app sync-app,same as F04,TLS,application Machine.Read.All,same as F04,S621
F06,current,site,AD DS (LDAP),LDAP with SASL GSSAPI (Kerberos) or LDAPS,gmsa-sync,gMSA password managed by AD; retrieval limited by PrincipalsAllowedToRetrieveManagedPassword,LDAP signing (or LDAPS/TLS) required when the DC enforces it; channel binding over TLS; ldap3 cannot sign/seal at the LDAP layer so LDAPS is the path for ldap3,read of computer and group attributes (default domain read; not confirmed in an official page),gMSA disable: next ticket request refused,S1201;S1208;S1209;S1221
F07,current,site,ConfigMgr AdminService (reads),as F01,gmsa-sync,gMSA Kerberos tickets,as F01,read-only ConfigMgr role scoped to the collections synced,as F01,S300;S305;S307
F08,current,site,SQL Server (identity database writes),TDS with Windows authentication,gmsa-sync,gMSA Kerberos tickets,as F02,write on identity graph tables; single writer via sp_getapplock,as F02,S468;S469
F09,current,ci,release artifact share,SMB 3.1.1,gmsa-runner,gMSA Kerberos tickets; SPN cifs/<file server FQDN>,SMB signing required by default on Windows 11 24H2 and Windows Server 2025; outbound encryption requirable by policy,write for release (share and NTFS ACL); devices read,existing SMB sessions keep their ticket until it expires or the session ends,S1202;S1203
F10,option,ci,Microsoft Graph (only if a CI job ever needs it),Entra workload identity federation from GitLab id_tokens,GitLab job (sub project_path:<group>/<project>:ref_type:tag:ref:<tag>),no stored secret; ≤20 federated credentials per app; flexible (pattern) credentials in preview,TLS; Entra fetches the issuer's OIDC keys so the GitLab issuer must be reachable by Entra,only what the job needs,delete the federated credential; issued token lives to expiry,S1276;S1293;S1294;S1302
F11,later,broker (later),Microsoft Graph,OAuth 2.0 on-behalf-of,engineer via broker app,broker confidential client credential,TLS,delegated scopes consented to the broker,as F03,S1297
F12,later,broker (later),ConfigMgr AdminService through CMG,OAuth 2.0 on-behalf-of to the CMG server app (user_impersonation) or Kerberos constrained delegation on-prem,engineer via broker,broker credential; KCD needs delegation rights and fails for accounts marked sensitive or in Protected Users,TLS,ConfigMgr role of the engineer (users must be discovered in ConfigMgr for CMG access),as F01 / F03,S300;S1297;S1298;S1205
F13,later,broker (later),MCP clients (remote),MCP authorization 2026-07-28 (OAuth 2.1; protected resource metadata; resource indicators),engineer,tokens held by the MCP client,TLS,audience-bound tokens for the broker,token lifetime of the authorization server,S1300
F14,later,bot (A.1),Teams,Bot Framework SSO + OBO,engineer,Azure Bot Service OAuth connection (Azure resource required),TLS,delegated scopes,as F03,S1301
