call,http,api_version,delegated_least,delegated_higher,application_least,application_higher,delegated_role_note,source
List devices,GET /devices,v1.0 and beta,Device.Read.All,"Directory.Read.All, Directory.ReadWrite.All",Device.Read.All,"Device.ReadWrite.All, Directory.Read.All, Directory.ReadWrite.All",signed-in user needs a supported Entra role (list includes Users; Directory Readers; Global Reader; Device Managers; others),S512;S517
Get device,GET /devices/{id},v1.0 and beta,Device.Read.All,"Directory.Read.All, Directory.ReadWrite.All",Device.Read.All,"Device.ReadWrite.All, Directory.Read.All, Directory.ReadWrite.All",same role list as List devices,S513;S517
device delta,GET /devices/delta,v1.0 and beta,Device.Read.All,Not available,Device.Read.All,Not available,not stated,S514
Delete device,DELETE /devices/{id},v1.0 and beta,Directory.AccessAsUser.All,Not available,Device.ReadWrite.All,Not available,least privileged roles: Intune Administrator; Windows 365 Administrator; Cloud Device Administrator,S515;S516
List managedDevices,GET /deviceManagement/managedDevices,v1.0,DeviceManagementManagedDevices.Read.All,DeviceManagementManagedDevices.ReadWrite.All,DeviceManagementManagedDevices.Read.All,DeviceManagementManagedDevices.ReadWrite.All,not stated on page,S518
Get managedDevice,GET /deviceManagement/managedDevices/{id},v1.0 and beta,DeviceManagementManagedDevices.Read.All,DeviceManagementManagedDevices.ReadWrite.All,DeviceManagementManagedDevices.Read.All,DeviceManagementManagedDevices.ReadWrite.All,not stated on page,S519
Delete managedDevice,DELETE /deviceManagement/managedDevices/{id},v1.0,DeviceManagementManagedDevices.ReadWrite.All,,DeviceManagementManagedDevices.ReadWrite.All,,not stated on page,S520
List windowsAutopilotDeviceIdentities,GET /deviceManagement/windowsAutopilotDeviceIdentities,v1.0 and beta,DeviceManagementServiceConfig.Read.All,DeviceManagementServiceConfig.ReadWrite.All,DeviceManagementServiceConfig.Read.All,DeviceManagementServiceConfig.ReadWrite.All,not stated on page,S521
Get windowsAutopilotDeviceIdentity,GET /deviceManagement/windowsAutopilotDeviceIdentities/{id},v1.0 and beta,DeviceManagementServiceConfig.Read.All,DeviceManagementServiceConfig.ReadWrite.All,DeviceManagementServiceConfig.Read.All,DeviceManagementServiceConfig.ReadWrite.All,not stated on page,S522
Delete windowsAutopilotDeviceIdentity,DELETE /deviceManagement/windowsAutopilotDeviceIdentities/{id},v1.0 and beta,DeviceManagementServiceConfig.ReadWrite.All,,DeviceManagementServiceConfig.ReadWrite.All,,not stated on page,S523
List BitLocker recoveryKeys,GET /informationProtection/bitlocker/recoveryKeys?$filter=deviceId eq {id},v1.0,BitlockerKey.ReadBasic.All,BitlockerKey.Read.All,BitlockerKey.ReadBasic.All,BitlockerKey.Read.All,not captured,S531
