publisher,title,product_and_version,guideline_version,release_date,profiles_or_levels,machine_readable_format_and_location,licence_and_redistribution,url,source_id,
Microsoft,Windows 11 version 24H2 security baseline,Windows 11 Enterprise 24H2,SCT baseline (GPO backup + spreadsheet),2024-10-01 (techcommunity post date),n/a (single recommended baseline," not leveled); retrieved: Windows 11 v24H2 Security Baseline.zip (Documentation/MSFT-Win11-v24H2.PolicyRules, 426 settings); extract security/artifacts/microsoft/","GPO Backup (.pol/.inf) + Policy Analyzer .xlsx, in SCT zip from download id 55319",Microsoft blog terms; content usable for internal baselines; tool EULA covers redistribution of the toolkit binaries only,https://techcommunity.microsoft.com/blog/microsoft-security-baselines/windows-11-version-24h2-security-baseline/4252801;S1472,['S1401']
Microsoft,Windows 11 version 25H2 security baseline,Windows 11 Enterprise 25H2,SCT baseline (GPO backup + spreadsheet),2025-09-30 (techcommunity post date),n/a,"GPO Backup + Policy Analyzer .xlsx, in SCT zip",same as above,https://techcommunity.microsoft.com/blog/microsoft-security-baselines/windows-11-version-25h2-security-baseline/4456231,S1402,
Microsoft,Security baseline for Windows Server 2025 version 2506,Windows Server 2025,2506 (June 2025 revision),2025-06-25,n/a,GPO Backup + spreadsheet in SCT zip,same as above,https://techcommunity.microsoft.com/blog/microsoft-security-baselines/security-baseline-for-windows-server-2025-version-2506/4426431,S1418,
Microsoft,Security baseline for Windows Server 2025 version 2602,Windows Server 2025,2602 (February 2026 revision),2026-02-23,n/a,GPO Backup + spreadsheet in SCT zip,same as above,https://techcommunity.microsoft.com/blog/microsoft-security-baselines/security-baseline-for-windows-server-2025-version-2602/4496468,S1419,
CIS,CIS Microsoft Windows 11 Enterprise Benchmark,Windows 11 Enterprise (v5.0.x front matter tests release 23H2; v5.1.0 applicability to 24H2/25H2 not independently opened),v5.1.0,"2026-09-16 (per publication-date digest, not independently opened)",not stated on the CIS listing page (S1406); profile names not confirmed,PDF behind free CIS registration; no bulk machine-readable export without CIS-SecureSuite/WorkBench,PDF freely available for non-commercial use (S1406); non-member licence CC BY-NC-SA 4.0 per the CIS non-member terms page (S-ycjlut3h); CIS-SecureSuite member redistribution limits not confirmed,https://www.cisecurity.org/benchmark/microsoft_windows_desktop,S1406;S-ycjlut3h,
CIS,CIS Microsoft Intune for Windows 11 Benchmark,Microsoft Intune (Windows 11 target),v5.0.0 (per the CIS Intune benchmark page 2026-09-26; a third-party mirror had given v4.0.0),UNK exact date,L1/L2,PDF behind CIS registration,same CC BY-NC-SA 4.0 non-member terms,https://www.cisecurity.org/benchmark/intune,S-3vkajr2c,
DISA,Microsoft Windows 11 STIG,Windows 11,V2R9,XCCDF dated 2026-08-06,n/a (single STIG profile per OS),"XCCDF + SCAP benchmark, zip U_MS_Windows_11_V2R9_STIG.zip at dl.dod.cyber.mil; quarterly release cadence","Distribution Statement A: approved for public release, distribution unlimited (per DoDI 5230.24 / public.cyber.mil unclassified STIG posting policy)",https://dl.dod.cyber.mil/wp-content/uploads/stigs/zip/U_MS_Windows_11_V2R9_STIG.zip,S1470,
DISA,Microsoft Windows Server 2025 STIG,Windows Server 2025,V1R3,per coordinator's artifact (exact XCCDF date not independently confirmed by Part A),n/a,"XCCDF + SCAP benchmark, zip U_MS_Windows_Server_2025_V1R3_STIG.zip at dl.dod.cyber.mil",same Distribution Statement A public-release terms,https://dl.dod.cyber.mil/wp-content/uploads/stigs/zip/U_MS_Windows_Server_2025_V1R3_STIG.zip,S1471,
Microsoft,Intune security baseline for Windows,Windows (client),current (exact version id UNK this pass),UNK,n/a,Intune admin center profile / Graph export (not fetched this pass),Microsoft product terms,https://learn.microsoft.com/en-us/intune/device-security/security-baselines/overview,S1421,
Microsoft,Intune security baseline for Microsoft Defender for Endpoint,Windows (client, physical devices only — not recommended for VM/VDI per Learn),current (exact version id UNK this pass),UNK,n/a,Intune admin center profile,Microsoft product terms,https://learn.microsoft.com/en-us/intune/device-security/security-baselines/ref-defender-settings,['S1422']
Microsoft,Intune security baseline for Microsoft Edge,Windows (client),current; settings format changed May 2023,UNK exact current version,n/a,Intune admin center profile,Microsoft product terms,https://learn.microsoft.com/en-us/intune/device-security/security-baselines/ref-edge-settings,S1423,
Microsoft,OSConfig security baselines (Domain Controller / Member Server / Workgroup Member),Windows Server 2025,"2606 (earlier 2409, 2411, 2504, 2510)",UNK exact version,n/a (role-based baseline profiles),"CSV per version: github.com/microsoft/osconfig/security/SecurityBaseline_WindowsServer_2025-<ver>.csv (361 rows in 2606; registry key or CSP path, expected value per role, CIS RuleID, STIG id); pinned copy security/artifacts/osconfig/",MIT (repository); verbatim copy kept,Microsoft product terms,https://learn.microsoft.com/en-us/windows-server/security/osconfig/osconfig-how-to-configure-security-baselines;S1598,['S1424']
ACSC,Essential Eight maturity model,Windows (general),current,first published 2017-06; latest revision seen 2024-04 (FAQ) / 2023-11 (model itself) — a more recent 2026 revision not confirmed this pass,maturity levels 1-3,prose guidance; not machine-readable,Australian Government (Commonwealth of Australia) — Essential Eight materials are Crown-copyright, reuse generally permitted with attribution,https://www.cyber.gov.au/business-government/asds-cyber-security-frameworks/essential-eight/essential-eight-maturity-model,['S1425']
ACSC,Hardening Microsoft Windows 11 workstations,Windows 11 (settings taken from 25H2),current (last updated January 2026),2026-01 (previous edition 2025-09 for 24H2; first published 2017-05),n/a,prose guidance; not machine-readable,CC BY 4.0 (© Commonwealth of Australia; Coat of Arms excluded),https://www.cyber.gov.au/sites/default/files/2026-01/hardening_microsoft_windows_11_workstations_january_2026.pdf,S-uzuvf3vo;S-nwnif62g,
NCSC UK,Device Security Guidance,Windows (general),current,UNK exact date,n/a,prose guidance,UK Government (typically Open Government Licence),,,
BSI,IT-Grundschutz / SiSyPHuS Windows,Windows,current,UNK exact date,module-based,SiSyPHuS project has published some machine-readable GPO/registry data in past releases; not independently confirmed current for Windows 11/Server 2025 this pass,German Government public licence,,,
ANSSI,Recommendations (English availability),Windows (general),current,UNK,UNK,prose,French Government; English translations exist for some ANSSI guides but availability for Windows-specific hardening not confirmed this pass,,,
