type,manifest_file,kind,in_3_3_0,in_3_4_0_preview_1,version_3_3_0,version_3_4_0_preview_1,capabilities_3_3_0,capabilities_3_4_0_preview_1,whatif_3_3_0,whatif_3_4_0_preview_1,implements_pretest,require_security_context,notes
Microsoft.Adapter/PowerShell,PowerShell_adapter.dsc.resource.json,adapter,yes,yes,0.1.0,0.1.0,get set test export,get set test export,"none: error (implementsPretest, no what-if)","none: error (implementsPretest, no what-if)",true,,
Microsoft.Adapter/WindowsPowerShell,WindowsPowerShell_adapter.dsc.resource.json,adapter,yes,yes,0.1.0,0.1.0,get set test export,get set test export,"none: error (implementsPretest, no what-if)","none: error (implementsPretest, no what-if)",true,,
Microsoft.DSC.Debug/Echo,echo.dsc.resource.json,resource,yes,yes,1.0.0,1.0.0,get set test export,get set test export,synthetic (test result),synthetic (test result),false,,
Microsoft.DSC.Transitional/PowerShellScript,psscript.dsc.resource.json,resource,yes,yes,0.2.0,0.2.0,get set test,get set test,"none: error (implementsPretest, no what-if)","none: error (implementsPretest, no what-if)",true,,
Microsoft.DSC.Transitional/RunCommandOnSet,RunCommandOnSet.dsc.resource.json,resource,yes,yes,0.1.0,0.1.0,get set,get set,"none: error (implementsPretest, no what-if)","none: error (implementsPretest, no what-if)",true,,
Microsoft.DSC.Transitional/WindowsPowerShellScript,winpsscript.dsc.resource.json,resource,yes,yes,0.2.0,0.2.0,get set test,get set test,"none: error (implementsPretest, no what-if)","none: error (implementsPretest, no what-if)",true,,
Microsoft.DSC/Assertion,assertion.dsc.resource.json,group,yes,yes,0.1.0,0.1.0,get set test,get set test,"none: error (implementsPretest, no what-if)","none: error (implementsPretest, no what-if)",true,,
Microsoft.DSC/Group,group.dsc.resource.json,group,yes,yes,0.1.0,0.1.0,get set test,get set test,"none: error (implementsPretest, no what-if)","none: error (implementsPretest, no what-if)",true,,
Microsoft.DSC/Include,include.dsc.resource.json,importer,yes,yes,0.1.0,0.1.0,get set test,get set test,"none: error (implementsPretest, no what-if)","none: error (implementsPretest, no what-if)",true,,
Microsoft.DSC/PowerShell,powershell.dsc.resource.json,adapter,yes,yes,0.1.0,0.1.0,get set test export,get set test export,"none: error (implementsPretest, no what-if)","none: error (implementsPretest, no what-if)",true,,deprecated
Microsoft.Filesystem.File/Content,filecontent.dsc.resource.json,resource,no,yes,,0.1.0,,get set test export,,synthetic (test result),false,,
Microsoft.OpenSSH.SSHD/Subsystem,sshd-subsystem.dsc.resource.json,resource,yes,yes,0.2.0,0.2.0,get set setHandlesExist whatIf,get set setHandlesExist whatIf,native (set whatIfArg),native (set whatIfArg),false,,
Microsoft.OpenSSH.SSHD/SubsystemList,sshd-subsystemList.dsc.resource.json,resource,yes,yes,0.2.0,0.2.0,get set whatIf,get set whatIf,native (set whatIfArg),native (set whatIfArg),false,,
Microsoft.OpenSSH.SSHD/Windows,sshd-windows.dsc.resource.json,resource,yes,yes,0.1.0,0.1.0,get set whatIf,get set whatIf,native (set whatIfArg),native (set whatIfArg),false,,
Microsoft.OpenSSH.SSHD/sshd_config,sshd_config.dsc.resource.json,resource,yes,yes,0.2.0,0.2.0,get set whatIf export,get set whatIf export,native (set whatIfArg),native (set whatIfArg),false,,
Microsoft.PowerShell/Discover,powershell.dsc.extension.json,extension,yes,yes,0.1.1,0.1.1,discover,discover,,,,,
Microsoft.Windows.Adapter/Registry,registry.dsc.manifests.json,adapter,yes,yes,0.1.0,0.1.0,get set export,get set export,synthetic (test result),synthetic (test result),false,,
Microsoft.Windows.Appx/Discover,appx.dsc.extension.json,extension,yes,yes,0.1.0,0.1.0,discover,discover,,,,,
Microsoft.Windows/EnvironmentVariable,environment_variable.dsc.manifests.json,resource,no,yes,,0.1.0,,get set setHandlesExist test,,synthetic (test result),false,,
Microsoft.Windows/EnvironmentVariableList,environment_variable.dsc.manifests.json,resource,no,yes,,0.1.0,,get set setHandlesExist test,,synthetic (test result),false,,
Microsoft.Windows/FeatureOnDemandList,featureondemand.dsc.resource.json,resource,yes,yes,0.1.1,0.1.1,get set export,get set export,synthetic (test result),synthetic (test result),false,get=elevated set=elevated export=elevated,
Microsoft.Windows/FirewallRuleList,windows_firewall.dsc.resource.json,resource,yes,yes,0.3.0,0.3.0,get set setHandlesExist whatIf export,get set setHandlesExist whatIf export,native (set whatIfArg),native (set whatIfArg),true,set=elevated,
Microsoft.Windows/OptionalFeatureList,optionalfeature.dsc.resource.json,resource,yes,yes,0.1.1,0.1.1,get set export,get set export,synthetic (test result),synthetic (test result),false,get=elevated set=elevated export=elevated,
Microsoft.Windows/RebootPending,reboot_pending.dsc.resource.json,resource,yes,yes,0.1.0,0.1.0,get,get,n/a (no set),n/a (no set),,,
Microsoft.Windows/Registry,registry.dsc.manifests.json,resource,yes,yes,1.0.0,1.0.0,get set whatIf delete deleteWhatIf,get set whatIf delete deleteWhatIf,native (set whatIfArg),native (set whatIfArg),false,,
Microsoft.Windows/RegistryList,registry.dsc.manifests.json,resource,yes,yes,1.0.0,1.0.0,get set setHandlesExist whatIf,get set setHandlesExist whatIf,native (set whatIfArg),native (set whatIfArg),false,,
Microsoft.Windows/Service,windows_service.dsc.resource.json,resource,yes,yes,0.1.1,0.1.1,get set whatIf export,get set whatIf export,native (set whatIfArg),native (set whatIfArg),false,set=elevated,
Microsoft.Windows/UpdateList,windowsupdate.dsc.resource.json,resource,yes,yes,0.1.0,0.1.1,get set export,get set whatIf export,synthetic (test result),native (set whatIfArg),true,set=elevated,"changed keys: schema,set,version"
Microsoft.Windows/WMI,wmi.dsc.resource.json,adapter,yes,yes,1.0.0,1.0.0,get set,get set,synthetic (test result),synthetic (test result),false,,
Microsoft.Windows/WindowsFeatureList,windows_feature.dsc.resource.json,resource,yes,yes,0.1.1,0.1.1,get set whatIf export,get set whatIf export,native (set whatIfArg),native (set whatIfArg),false,set=elevated,
Microsoft.Windows/WindowsPowerShell,windowspowershell.dsc.resource.json,adapter,yes,yes,0.1.0,0.1.0,get set test export,get set test export,synthetic (test result),synthetic (test result),false,,deprecated
Microsoft/OSInfo,osinfo.dsc.resource.json,resource,yes,yes,0.1.0,0.1.0,get test export,get test export,n/a (no set),n/a (no set),,,
