entity,recognizer,country,languages,enabled_by_default,since_version,type,source_file
(configured per instance),HuggingFaceNerRecognizer,global,en,false,2.2.362,predefined,presidio-analyzer/presidio_analyzer/predefined_recognizers/ner/huggingface_ner_recognizer.py
(configured per instance),BasicLangExtractRecognizer,global,en,false,2.2.361,predefined,presidio-analyzer/presidio_analyzer/predefined_recognizers/third_party/basic_langextract_recognizer.py
CREDIT_CARD,CreditCardRecognizer,global,en;es;it;pl,true,<=2.2.355,predefined,presidio-analyzer/presidio_analyzer/predefined_recognizers/generic/credit_card_recognizer.py
CRYPTO,CryptoRecognizer,global,en,true,<=2.2.355,predefined,presidio-analyzer/presidio_analyzer/predefined_recognizers/generic/crypto_recognizer.py
DATE_TIME,DateRecognizer,global,en,true,<=2.2.355,predefined,presidio-analyzer/presidio_analyzer/predefined_recognizers/generic/date_recognizer.py
EMAIL_ADDRESS,EmailRecognizer,global,en,true,<=2.2.355,predefined,presidio-analyzer/presidio_analyzer/predefined_recognizers/generic/email_recognizer.py
IBAN_CODE,IbanRecognizer,global,en,true,<=2.2.355,predefined,presidio-analyzer/presidio_analyzer/predefined_recognizers/generic/iban_recognizer.py
IP_ADDRESS,IpRecognizer,global,en,true,<=2.2.355,predefined,presidio-analyzer/presidio_analyzer/predefined_recognizers/generic/ip_recognizer.py
MAC_ADDRESS,MacAddressRecognizer,global,en,true,2.2.361,predefined,presidio-analyzer/presidio_analyzer/predefined_recognizers/generic/mac_recognizer.py
PHONE_NUMBER,PhoneRecognizer,global,en,true,<=2.2.355,predefined,presidio-analyzer/presidio_analyzer/predefined_recognizers/generic/phone_recognizer.py
URL,UrlRecognizer,global,en,true,<=2.2.355,predefined,presidio-analyzer/presidio_analyzer/predefined_recognizers/generic/url_recognizer.py
UUID,UuidRecognizer,global,en,true,unreleased (main e9895a5),predefined,presidio-analyzer/presidio_analyzer/predefined_recognizers/generic/uuid_recognizer.py
AU_ABN,AuAbnRecognizer,au,en,false,<=2.2.355,predefined,presidio-analyzer/presidio_analyzer/predefined_recognizers/country_specific/australia/au_abn_recognizer.py
AU_ACN,AuAcnRecognizer,au,en,false,<=2.2.355,predefined,presidio-analyzer/presidio_analyzer/predefined_recognizers/country_specific/australia/au_acn_recognizer.py
AU_MEDICARE,AuMedicareRecognizer,au,en,false,<=2.2.355,predefined,presidio-analyzer/presidio_analyzer/predefined_recognizers/country_specific/australia/au_medicare_recognizer.py
AU_TFN,AuTfnRecognizer,au,en,false,<=2.2.355,predefined,presidio-analyzer/presidio_analyzer/predefined_recognizers/country_specific/australia/au_tfn_recognizer.py
CA_POSTAL_CODE,CaPostalCodeRecognizer,ca,en;fr,false,unreleased (main e9895a5),predefined,presidio-analyzer/presidio_analyzer/predefined_recognizers/country_specific/canada/ca_postal_code_recognizer.py
CA_SIN,CaSinRecognizer,ca,en;fr,false,2.2.363,predefined,presidio-analyzer/presidio_analyzer/predefined_recognizers/country_specific/canada/ca_sin_recognizer.py
DE_BSNR,DeBsnrRecognizer,de,de,false,2.2.363,predefined,presidio-analyzer/presidio_analyzer/predefined_recognizers/country_specific/germany/de_bsnr_recognizer.py
DE_FUEHRERSCHEIN,DeFuehrerscheinRecognizer,de,de,false,2.2.363,predefined,presidio-analyzer/presidio_analyzer/predefined_recognizers/country_specific/germany/de_fuehrerschein_recognizer.py
DE_HANDELSREGISTER,DeHandelsregisterRecognizer,de,de,false,2.2.363,predefined,presidio-analyzer/presidio_analyzer/predefined_recognizers/country_specific/germany/de_handelsregister_recognizer.py
DE_HEALTH_INSURANCE,DeHealthInsuranceRecognizer,de,de,false,2.2.363,predefined,presidio-analyzer/presidio_analyzer/predefined_recognizers/country_specific/germany/de_health_insurance_recognizer.py
DE_ID_CARD,DeIdCardRecognizer,de,de,false,2.2.363,predefined,presidio-analyzer/presidio_analyzer/predefined_recognizers/country_specific/germany/de_id_card_recognizer.py
DE_KFZ,DeKfzRecognizer,de,de,false,2.2.363,predefined,presidio-analyzer/presidio_analyzer/predefined_recognizers/country_specific/germany/de_kfz_recognizer.py
DE_LANR,DeLanrRecognizer,de,de,false,2.2.363,predefined,presidio-analyzer/presidio_analyzer/predefined_recognizers/country_specific/germany/de_lanr_recognizer.py
DE_PASSPORT,DePassportRecognizer,de,de,false,2.2.363,predefined,presidio-analyzer/presidio_analyzer/predefined_recognizers/country_specific/germany/de_passport_recognizer.py
DE_PLZ,DePlzRecognizer,de,de,false,2.2.363,predefined,presidio-analyzer/presidio_analyzer/predefined_recognizers/country_specific/germany/de_plz_recognizer.py
DE_SOCIAL_SECURITY,DeSocialSecurityRecognizer,de,de,false,2.2.363,predefined,presidio-analyzer/presidio_analyzer/predefined_recognizers/country_specific/germany/de_social_security_recognizer.py
DE_TAX_ID,DeTaxIdRecognizer,de,de,false,2.2.363,predefined,presidio-analyzer/presidio_analyzer/predefined_recognizers/country_specific/germany/de_tax_id_recognizer.py
DE_TAX_NUMBER,DeTaxNumberRecognizer,de,de,false,2.2.363,predefined,presidio-analyzer/presidio_analyzer/predefined_recognizers/country_specific/germany/de_tax_number_recognizer.py
DE_VAT_ID,DeVatIdRecognizer,de,de,false,2.2.363,predefined,presidio-analyzer/presidio_analyzer/predefined_recognizers/country_specific/germany/de_vat_id_recognizer.py
ES_NIE,EsNieRecognizer,es,es,true,<=2.2.355,predefined,presidio-analyzer/presidio_analyzer/predefined_recognizers/country_specific/spain/es_nie_recognizer.py
ES_NIF,EsNifRecognizer,es,es,true,<=2.2.355,predefined,presidio-analyzer/presidio_analyzer/predefined_recognizers/country_specific/spain/es_nif_recognizer.py
ES_PASSPORT,EsPassportRecognizer,es,es,false,2.2.363,predefined,presidio-analyzer/presidio_analyzer/predefined_recognizers/country_specific/spain/es_passport_recognizer.py
FI_PERSONAL_IDENTITY_CODE,FiPersonalIdentityCodeRecognizer,fi,fi,false,<=2.2.355,predefined,presidio-analyzer/presidio_analyzer/predefined_recognizers/country_specific/finland/fi_personal_identity_code_recognizer.py
IN_AADHAAR,InAadhaarRecognizer,in,en,false,<=2.2.355,predefined,presidio-analyzer/presidio_analyzer/predefined_recognizers/country_specific/india/in_aadhaar_recognizer.py
IN_GSTIN,InGstinRecognizer,in,en,false,2.2.361,predefined,presidio-analyzer/presidio_analyzer/predefined_recognizers/country_specific/india/in_gstin_recognizer.py
IN_PAN,InPanRecognizer,in,en,false,<=2.2.355,predefined,presidio-analyzer/presidio_analyzer/predefined_recognizers/country_specific/india/in_pan_recognizer.py
IN_PASSPORT,InPassportRecognizer,in,en,false,<=2.2.355,predefined,presidio-analyzer/presidio_analyzer/predefined_recognizers/country_specific/india/in_passport_recognizer.py
IN_VEHICLE_REGISTRATION,InVehicleRegistrationRecognizer,in,en,false,<=2.2.355,predefined,presidio-analyzer/presidio_analyzer/predefined_recognizers/country_specific/india/in_vehicle_registration_recognizer.py
IN_VOTER,InVoterRecognizer,in,en,false,<=2.2.355,predefined,presidio-analyzer/presidio_analyzer/predefined_recognizers/country_specific/india/in_voter_recognizer.py
IT_DRIVER_LICENSE,ItDriverLicenseRecognizer,it,it,true,<=2.2.355,predefined,presidio-analyzer/presidio_analyzer/predefined_recognizers/country_specific/italy/it_driver_license_recognizer.py
IT_FISCAL_CODE,ItFiscalCodeRecognizer,it,it,true,<=2.2.355,predefined,presidio-analyzer/presidio_analyzer/predefined_recognizers/country_specific/italy/it_fiscal_code_recognizer.py
IT_IDENTITY_CARD,ItIdentityCardRecognizer,it,it,true,<=2.2.355,predefined,presidio-analyzer/presidio_analyzer/predefined_recognizers/country_specific/italy/it_identity_card_recognizer.py
IT_PASSPORT,ItPassportRecognizer,it,it,true,<=2.2.355,predefined,presidio-analyzer/presidio_analyzer/predefined_recognizers/country_specific/italy/it_passport_recognizer.py
IT_VAT_CODE,ItVatCodeRecognizer,it,it,true,<=2.2.355,predefined,presidio-analyzer/presidio_analyzer/predefined_recognizers/country_specific/italy/it_vat_code.py
KR_BRN,KrBrnRecognizer,kr,ko,false,2.2.361,predefined,presidio-analyzer/presidio_analyzer/predefined_recognizers/country_specific/korea/kr_brn_recognizer.py
KR_DRIVER_LICENSE,KrDriverLicenseRecognizer,kr,ko,false,2.2.361,predefined,presidio-analyzer/presidio_analyzer/predefined_recognizers/country_specific/korea/kr_driver_license_recognizer.py
KR_FRN,KrFrnRecognizer,kr,ko,false,2.2.361,predefined,presidio-analyzer/presidio_analyzer/predefined_recognizers/country_specific/korea/kr_frn_recognizer.py
KR_PASSPORT,KrPassportRecognizer,kr,ko;kr,false,2.2.361,predefined,presidio-analyzer/presidio_analyzer/predefined_recognizers/country_specific/korea/kr_passport_recognizer.py
KR_RRN,KrRrnRecognizer,kr,ko;kr,false,2.2.360,predefined,presidio-analyzer/presidio_analyzer/predefined_recognizers/country_specific/korea/kr_rrn_recognizer.py
NG_NIN,NgNinRecognizer,ng,en,false,2.2.362,predefined,presidio-analyzer/presidio_analyzer/predefined_recognizers/country_specific/nigeria/ng_nin_recognizer.py
NG_VEHICLE_REGISTRATION,NgVehicleRegistrationRecognizer,ng,en,false,2.2.362,predefined,presidio-analyzer/presidio_analyzer/predefined_recognizers/country_specific/nigeria/ng_vehicle_registration_recognizer.py
PH_PASSPORT,PhPassportRecognizer,ph,en,false,unreleased (main e9895a5),predefined,presidio-analyzer/presidio_analyzer/predefined_recognizers/country_specific/philippines/ph_passport_recognizer.py
PH_TIN,PhTinRecognizer,ph,en,false,2.2.363,predefined,presidio-analyzer/presidio_analyzer/predefined_recognizers/country_specific/philippines/ph_tin_recognizer.py
PH_UMID,PhUmidRecognizer,ph,en,false,2.2.364,predefined,presidio-analyzer/presidio_analyzer/predefined_recognizers/country_specific/philippines/ph_umid_recognizer.py
PL_PESEL,PlPeselRecognizer,pl,pl,true,<=2.2.355,predefined,presidio-analyzer/presidio_analyzer/predefined_recognizers/country_specific/poland/pl_pesel_recognizer.py
SE_ORGANISATIONSNUMMER,SeOrganisationsnummerRecognizer,se,sv,false,2.2.363,predefined,presidio-analyzer/presidio_analyzer/predefined_recognizers/country_specific/sweden/se_organisationsnummer_recognizer.py
SE_PERSONNUMMER,SePersonnummerRecognizer,se,sv,false,2.2.363,predefined,presidio-analyzer/presidio_analyzer/predefined_recognizers/country_specific/sweden/se_personnummer_recognizer.py
SG_NRIC_FIN,SgFinRecognizer,sg,en,false,<=2.2.355,predefined,presidio-analyzer/presidio_analyzer/predefined_recognizers/country_specific/singapore/sg_fin_recognizer.py
SG_UEN,SgUenRecognizer,sg,en,false,<=2.2.355,predefined,presidio-analyzer/presidio_analyzer/predefined_recognizers/country_specific/singapore/sg_uen_recognizer.py
TH_TNIN,ThTninRecognizer,th,th,false,2.2.361,predefined,presidio-analyzer/presidio_analyzer/predefined_recognizers/country_specific/thai/th_tnin_recognizer.py
TR_LICENSE_PLATE,TrLicensePlateRecognizer,tr,tr,false,2.2.363,predefined,presidio-analyzer/presidio_analyzer/predefined_recognizers/country_specific/turkey/tr_license_plate_recognizer.py
TR_NATIONAL_ID,TrNationalIdRecognizer,tr,tr,false,2.2.363,predefined,presidio-analyzer/presidio_analyzer/predefined_recognizers/country_specific/turkey/tr_national_id_recognizer.py
UK_DRIVING_LICENCE,UkDrivingLicenceRecognizer,uk,en,false,2.2.363,predefined,presidio-analyzer/presidio_analyzer/predefined_recognizers/country_specific/uk/uk_driving_licence_recognizer.py
UK_NHS,NhsRecognizer,uk,en,true,<=2.2.355,predefined,presidio-analyzer/presidio_analyzer/predefined_recognizers/country_specific/uk/uk_nhs_recognizer.py
UK_NINO,UkNinoRecognizer,uk,en,false,2.2.356,predefined,presidio-analyzer/presidio_analyzer/predefined_recognizers/country_specific/uk/uk_nino_recognizer.py
UK_PASSPORT,UkPassportRecognizer,uk,en,false,2.2.362,predefined,presidio-analyzer/presidio_analyzer/predefined_recognizers/country_specific/uk/uk_passport_recognizer.py
UK_POSTCODE,UkPostcodeRecognizer,uk,en,false,2.2.362,predefined,presidio-analyzer/presidio_analyzer/predefined_recognizers/country_specific/uk/uk_postcode_recognizer.py
UK_VEHICLE_REGISTRATION,UkVehicleRegistrationRecognizer,uk,en,false,2.2.362,predefined,presidio-analyzer/presidio_analyzer/predefined_recognizers/country_specific/uk/uk_vehicle_registration_recognizer.py
ABA_ROUTING_NUMBER,AbaRoutingRecognizer,us,en,false,<=2.2.355,predefined,presidio-analyzer/presidio_analyzer/predefined_recognizers/country_specific/us/aba_routing_recognizer.py
MEDICAL_LICENSE,MedicalLicenseRecognizer,us,en,true,<=2.2.355,predefined,presidio-analyzer/presidio_analyzer/predefined_recognizers/country_specific/us/medical_license_recognizer.py
US_BANK_NUMBER,UsBankRecognizer,us,en,true,<=2.2.355,predefined,presidio-analyzer/presidio_analyzer/predefined_recognizers/country_specific/us/us_bank_recognizer.py
US_CLAIM_NUMBER,UsClaimNumberRecognizer,us,en,false,unreleased (main e9895a5),predefined,presidio-analyzer/presidio_analyzer/predefined_recognizers/country_specific/us/us_healthcare_admin_recognizers.py
US_DRIVER_LICENSE,UsLicenseRecognizer,us,en,true,<=2.2.355,predefined,presidio-analyzer/presidio_analyzer/predefined_recognizers/country_specific/us/us_driver_license_recognizer.py
US_HEALTH_INSURANCE_MEMBER_ID,UsHealthInsuranceMemberIdRecognizer,us,en,false,unreleased (main e9895a5),predefined,presidio-analyzer/presidio_analyzer/predefined_recognizers/country_specific/us/us_health_insurance_member_id_recognizer.py
US_ITIN,UsItinRecognizer,us,en,true,<=2.2.355,predefined,presidio-analyzer/presidio_analyzer/predefined_recognizers/country_specific/us/us_itin_recognizer.py
US_MBI,UsMbiRecognizer,us,en,false,2.2.361,predefined,presidio-analyzer/presidio_analyzer/predefined_recognizers/country_specific/us/us_mbi_recognizer.py
US_NPI,UsNpiRecognizer,us,en,false,2.2.362,predefined,presidio-analyzer/presidio_analyzer/predefined_recognizers/country_specific/us/us_npi_recognizer.py
US_PASSPORT,UsPassportRecognizer,us,en,true,<=2.2.355,predefined,presidio-analyzer/presidio_analyzer/predefined_recognizers/country_specific/us/us_passport_recognizer.py
US_PRESCRIPTION_NUMBER,UsPrescriptionNumberRecognizer,us,en,false,unreleased (main e9895a5),predefined,presidio-analyzer/presidio_analyzer/predefined_recognizers/country_specific/us/us_healthcare_admin_recognizers.py
US_PRIOR_AUTHORIZATION_NUMBER,UsPriorAuthorizationNumberRecognizer,us,en,false,unreleased (main e9895a5),predefined,presidio-analyzer/presidio_analyzer/predefined_recognizers/country_specific/us/us_healthcare_admin_recognizers.py
US_PROVIDER_TAX_ID,UsProviderTaxIdRecognizer,us,en,false,unreleased (main e9895a5),predefined,presidio-analyzer/presidio_analyzer/predefined_recognizers/country_specific/us/us_healthcare_admin_recognizers.py
US_REFERRAL_NUMBER,UsReferralNumberRecognizer,us,en,false,unreleased (main e9895a5),predefined,presidio-analyzer/presidio_analyzer/predefined_recognizers/country_specific/us/us_healthcare_admin_recognizers.py
US_SSN,UsSsnRecognizer,us,en,true,<=2.2.355,predefined,presidio-analyzer/presidio_analyzer/predefined_recognizers/country_specific/us/us_ssn_recognizer.py
ZA_COMPANY_REGISTRATION,ZaCompanyRegistrationRecognizer,za,en,false,unreleased (main e9895a5),predefined,presidio-analyzer/presidio_analyzer/predefined_recognizers/country_specific/south_africa/za_company_registration_recognizer.py
ZA_DRIVER_LICENSE,ZaDriverLicenseRecognizer,za,en,false,unreleased (main e9895a5),predefined,presidio-analyzer/presidio_analyzer/predefined_recognizers/country_specific/south_africa/za_driver_license_recognizer.py
ZA_ID_NUMBER,ZaIdNumberRecognizer,za,en,false,2.2.363,predefined,presidio-analyzer/presidio_analyzer/predefined_recognizers/country_specific/south_africa/za_id_number_recognizer.py
ZA_INCOME_TAX_NUMBER,ZaIncomeTaxNumberRecognizer,za,en,false,unreleased (main e9895a5),predefined,presidio-analyzer/presidio_analyzer/predefined_recognizers/country_specific/south_africa/za_income_tax_number_recognizer.py
ZA_LICENSE_PLATE,ZaLicensePlateRecognizer,za,en,false,unreleased (main e9895a5),predefined,presidio-analyzer/presidio_analyzer/predefined_recognizers/country_specific/south_africa/za_license_plate_recognizer.py
ZA_MOBILE_NUMBER,ZaMobileNumberRecognizer,za,en,false,unreleased (main e9895a5),predefined,presidio-analyzer/presidio_analyzer/predefined_recognizers/country_specific/south_africa/za_phone_number_recognizer.py
ZA_PASSPORT,ZaPassportRecognizer,za,en,false,unreleased (main e9895a5),predefined,presidio-analyzer/presidio_analyzer/predefined_recognizers/country_specific/south_africa/za_passport_recognizer.py
ZA_TELEPHONE_NUMBER,ZaTelephoneNumberRecognizer,za,en,false,unreleased (main e9895a5),predefined,presidio-analyzer/presidio_analyzer/predefined_recognizers/country_specific/south_africa/za_phone_number_recognizer.py
ZA_TRAFFIC_REGISTER_NUMBER,ZaTrafficRegisterNumberRecognizer,za,en,false,unreleased (main e9895a5),predefined,presidio-analyzer/presidio_analyzer/predefined_recognizers/country_specific/south_africa/za_traffic_register_number_recognizer.py
ZA_VAT_NUMBER,ZaVatNumberRecognizer,za,en,false,unreleased (main e9895a5),predefined,presidio-analyzer/presidio_analyzer/predefined_recognizers/country_specific/south_africa/za_vat_number_recognizer.py
PERSON,SpacyRecognizer,global,en,"true (loaded with the NLP engine; ORGANIZATION ignored by default conf)",<=2.2.355,nlp_engine,presidio-analyzer/presidio_analyzer/predefined_recognizers/nlp_engine_recognizers/spacy_recognizer.py
LOCATION,SpacyRecognizer,global,en,"true (loaded with the NLP engine; ORGANIZATION ignored by default conf)",<=2.2.355,nlp_engine,presidio-analyzer/presidio_analyzer/predefined_recognizers/nlp_engine_recognizers/spacy_recognizer.py
NRP,SpacyRecognizer,global,en,"true (loaded with the NLP engine; ORGANIZATION ignored by default conf)",<=2.2.355,nlp_engine,presidio-analyzer/presidio_analyzer/predefined_recognizers/nlp_engine_recognizers/spacy_recognizer.py
DATE_TIME,SpacyRecognizer,global,en,"true (loaded with the NLP engine; ORGANIZATION ignored by default conf)",<=2.2.355,nlp_engine,presidio-analyzer/presidio_analyzer/predefined_recognizers/nlp_engine_recognizers/spacy_recognizer.py
ORGANIZATION,SpacyRecognizer,global,en,"true (loaded with the NLP engine; ORGANIZATION ignored by default conf)",<=2.2.355,nlp_engine,presidio-analyzer/presidio_analyzer/predefined_recognizers/nlp_engine_recognizers/spacy_recognizer.py
