source_id,url,verdict,signal,evidence,baseline_utc,content_date,fact,path,line,outcome,target,note
S504,https://raw.githubusercontent.com/microsoftgraph/microsoft-graph-docs-contrib/4ad99fd37a9e2e8538275a0a9cdff7907052f3ec/api-reference/v1.0/resources/device.md,pinned,pin,pinned url: its text cannot change (census.py compares the pin with upstream),2026-09-28T03:41:50Z,,,,,,,
S531,https://raw.githubusercontent.com/microsoftgraph/microsoft-graph-docs-contrib/4ad99fd37a9e2e8538275a0a9cdff7907052f3ec/api-reference/v1.0/api/bitlocker-list-recoverykeys.md,pinned,pin,pinned url: its text cannot change (census.py compares the pin with upstream),2026-09-28T03:42:20Z,,,,,,,
S540,https://raw.githubusercontent.com/MicrosoftDocs/entra-docs/8fcc223342e1c464806a024a5a7a85c8f762b2e9/docs/identity/devices/overview.md,pinned,pin,pinned url: its text cannot change (census.py compares the pin with upstream),2026-09-28T03:42:21Z,,,,,,,
S541,https://raw.githubusercontent.com/MicrosoftDocs/entra-docs/8fcc223342e1c464806a024a5a7a85c8f762b2e9/docs/identity/devices/concept-device-registration.md,pinned,pin,pinned url: its text cannot change (census.py compares the pin with upstream),2026-09-28T03:42:22Z,,,,,,,
S542,https://raw.githubusercontent.com/MicrosoftDocs/entra-docs/8fcc223342e1c464806a024a5a7a85c8f762b2e9/docs/identity/devices/concept-directory-join.md,pinned,pin,pinned url: its text cannot change (census.py compares the pin with upstream),2026-09-28T03:42:23Z,,,,,,,
S543,https://raw.githubusercontent.com/MicrosoftDocs/entra-docs/8fcc223342e1c464806a024a5a7a85c8f762b2e9/docs/identity/devices/concept-hybrid-join.md,pinned,pin,pinned url: its text cannot change (census.py compares the pin with upstream),2026-09-28T03:42:24Z,,,,,,,
S544,https://raw.githubusercontent.com/MicrosoftDocs/entra-docs/8fcc223342e1c464806a024a5a7a85c8f762b2e9/docs/identity/devices/troubleshoot-device-dsregcmd.md,pinned,pin,pinned url: its text cannot change (census.py compares the pin with upstream),2026-09-28T03:42:25Z,,,,,,,
S545,https://raw.githubusercontent.com/MicrosoftDocs/entra-docs/8fcc223342e1c464806a024a5a7a85c8f762b2e9/docs/identity/devices/manage-stale-devices.md,pinned,pin,pinned url: its text cannot change (census.py compares the pin with upstream),2026-09-28T03:42:26Z,,,,,,,
S546,https://raw.githubusercontent.com/MicrosoftDocs/entra-docs/8fcc223342e1c464806a024a5a7a85c8f762b2e9/docs/identity/devices/manage-device-identities.md,pinned,pin,pinned url: its text cannot change (census.py compares the pin with upstream),2026-09-28T03:42:27Z,,,,,,,
S547,https://raw.githubusercontent.com/MicrosoftDocs/entra-docs/8fcc223342e1c464806a024a5a7a85c8f762b2e9/docs/identity/devices/concept-soft-delete-devices.md,pinned,pin,pinned url: its text cannot change (census.py compares the pin with upstream),2026-09-28T03:42:29Z,,,,,,,
S548,https://raw.githubusercontent.com/MicrosoftDocs/entra-docs/8fcc223342e1c464806a024a5a7a85c8f762b2e9/docs/identity/devices/device-registration-how-it-works.md,pinned,pin,pinned url: its text cannot change (census.py compares the pin with upstream),2026-09-28T03:42:30Z,,,,,,,
S549,https://raw.githubusercontent.com/MicrosoftDocs/entra-docs/8fcc223342e1c464806a024a5a7a85c8f762b2e9/docs/identity/hybrid/connect/reference-connect-sync-attributes-synchronized.md,pinned,pin,pinned url: its text cannot change (census.py compares the pin with upstream),2026-09-28T03:42:31Z,,,,,,,
S550,https://raw.githubusercontent.com/MicrosoftDocs/entra-docs/8fcc223342e1c464806a024a5a7a85c8f762b2e9/docs/identity/hybrid/cloud-sync/device-sync.md,pinned,pin,pinned url: its text cannot change (census.py compares the pin with upstream),2026-09-28T03:42:32Z,,,,,,,
S551,https://raw.githubusercontent.com/MicrosoftDocs/entra-docs/8fcc223342e1c464806a024a5a7a85c8f762b2e9/docs/identity/devices/hybrid-join-manual.md,pinned,pin,pinned url: its text cannot change (census.py compares the pin with upstream),2026-09-28T03:42:33Z,,,,,,,
S552,https://raw.githubusercontent.com/MicrosoftDocs/SupportArticles-docs/c059e57ad347ac39ac748cc22c54285463e7172f/support/entra/entra-id/ad-dmn-services/reference-connect-device-disappearance.md,pinned,pin,pinned url: its text cannot change (census.py compares the pin with upstream),2026-09-28T03:42:34Z,,,,,,,
S1358,https://raw.githubusercontent.com/MicrosoftDocs/entra-docs/726271012aa2be83158eeab5e8343dd80dfcbf7a/docs/identity/monitoring-health/concept-sign-in-log-activity-details.md,pinned,pin,pinned url: its text cannot change (census.py compares the pin with upstream),2026-09-28T03:45:21Z,,,,,,,
S2040,https://learn.microsoft.com/en-us/entra/agent-id/agent-identities,unchanged,etag,304 Not Modified,2026-09-28T04:40:20Z,2026-06-15,,,,,,
S-2gcjipq5,https://learn.microsoft.com/entra/identity/conditional-access/concept-condition-filters-for-devices,unchanged,etag,304 Not Modified,2026-09-28T04:40:21Z,2026-03-25,,,,,,
S-2ooklp7p,https://learn.microsoft.com/entra/id-governance/entitlement-management-access-reviews-create,unchanged,etag,304 Not Modified,2026-09-28T04:40:22Z,2026-04-09,,,,,,
S-2vza23mx,https://learn.microsoft.com/entra/identity/hybrid/cloud-sync/what-is-cloud-sync,unchanged,etag,304 Not Modified,2026-09-28T04:40:23Z,2026-03-13,,,,,,
S-3avzf7db,https://learn.microsoft.com/entra/id-governance/agent-sponsor-tasks,unchanged,etag,304 Not Modified,2026-09-28T04:40:24Z,2026-06-24,,,,,,
S-3puxctla,https://learn.microsoft.com/entra/identity/conditional-access/concept-conditional-access-policy-common,unchanged,etag,304 Not Modified,2026-09-28T04:40:25Z,2026-07-02,,,,,,
S-3tt3ywvk,https://learn.microsoft.com/en-us/entra/agent-id/how-to-plan-agent-identity-architecture,unchanged,etag,304 Not Modified,2026-09-28T04:40:26Z,2026-08-14,,,,,,
S-5hprvqbx,https://learn.microsoft.com/entra/id-governance/privileged-identity-management/pim-how-to-change-default-settings,unchanged,etag,304 Not Modified,2026-09-28T04:40:27Z,2026-04-24,,,,,,
S-5yopk2hr,https://learn.microsoft.com/entra/id-protection/concept-risky-agents,unchanged,etag,304 Not Modified,2026-09-28T04:40:29Z,2026-06-17,,,,,,
S-6clhfher,https://learn.microsoft.com/entra/identity/hybrid/cloud-sync/how-to-install,unchanged,etag,304 Not Modified,2026-09-28T04:40:30Z,2026-02-26,,,,,,
S-6ecweang,https://learn.microsoft.com/entra/identity/conditional-access/howto-target-agent-identities,unchanged,etag,304 Not Modified,2026-09-28T04:40:31Z,2026-08-06,,,,,,
S-6psxvqdi,https://learn.microsoft.com/entra/id-governance/privileged-identity-management/concept-pim-for-groups,unchanged,etag,304 Not Modified,2026-09-28T04:40:32Z,2026-09-23,,,,,,
S-6q5tyxki,https://learn.microsoft.com/entra/identity/hybrid/cloud-sync/connect-to-cloud-sync-decision-guide,unchanged,etag,304 Not Modified,2026-09-28T04:40:33Z,2026-06-15,,,,,,
S-735ghpq5,https://learn.microsoft.com/entra/identity/conditional-access/agent-id,unchanged,etag,304 Not Modified,2026-09-28T04:40:34Z,2026-07-01,,,,,,
S-7dgnspu4,https://learn.microsoft.com/en-us/troubleshoot/entra/entra-id/user-prov-sync/cannot-enable-device-writeback,unchanged,etag,304 Not Modified,2026-09-28T04:40:35Z,2026-01-27,,,,,,
S-a2iaeb54,https://learn.microsoft.com/entra/id-governance/entitlement-management-overview,unchanged,etag,304 Not Modified,2026-09-28T04:40:36Z,2026-07-02,,,,,,
S-ac6jmj3f,https://learn.microsoft.com/graph/api/resources/conditionalaccessdevices?view=graph-rest-1.0,unchanged,etag,304 Not Modified,2026-09-28T04:40:37Z,2024-12-03,,,,,,
S-aioepkro,https://learn.microsoft.com/entra/id-governance/privileged-identity-management/pim-how-to-configure-security-alerts,unchanged,etag,304 Not Modified,2026-09-28T04:40:39Z,2026-04-24,,,,,,
S-avju6l5n,https://learn.microsoft.com/entra/agent-id/agent-registry-convergence,unchanged,etag,304 Not Modified,2026-09-28T04:40:40Z,2026-06-17,,,,,,
S-ay5o5ism,https://learn.microsoft.com/entra/id-governance/licensing-fundamentals,unchanged,etag,304 Not Modified,2026-09-28T04:40:41Z,2026-09-14,,,,,,
S-bcq2wujf,https://learn.microsoft.com/graph/api/rbacapplication-post-roleassignmentschedulerequests?view=graph-rest-1.0,unchanged,etag,304 Not Modified,2026-09-28T04:40:42Z,2025-11-08,,,,,,
S-bl4r6qrk,https://learn.microsoft.com/entra/identity/hybrid/connect/how-to-connect-sync-staging-server,unchanged,etag,304 Not Modified,2026-09-28T04:40:44Z,2026-06-22,,,,,,
S-bpayn5ic,https://learn.microsoft.com/entra/identity/conditional-access/policy-all-users-device-compliance,unchanged,etag,304 Not Modified,2026-09-28T04:40:45Z,2026-03-25,,,,,,
S-byjcvmyn,https://learn.microsoft.com/graph/tutorial-assign-azureadroles,unchanged,etag,304 Not Modified,2026-09-28T04:40:46Z,2026-07-04,,,,,,
S-c7vbii6z,https://learn.microsoft.com/en-us/troubleshoot/entra/entra-id/dir-dmns-obj/no-local-admin-privileges-azure-ad-joined-device,unchanged,etag,304 Not Modified,2026-09-28T04:40:47Z,2026-01-15,,,,,,
S-ch6zrjfg,https://learn.microsoft.com/entra/agent-id/agent-owners-sponsors-managers,unchanged,etag,304 Not Modified,2026-09-28T04:40:48Z,2026-09-03,,,,,,
S-de2kio2b,https://learn.microsoft.com/entra/identity/hybrid/connect/how-to-connect-sync-feature-scheduler,unchanged,etag,304 Not Modified,2026-09-28T04:40:49Z,2026-02-26,,,,,,
S-dhrhl2jz,https://learn.microsoft.com/entra/identity/hybrid/cloud-sync/how-to-install-pshell,unchanged,etag,304 Not Modified,2026-09-28T04:40:50Z,2026-03-25,,,,,,
S-ee22tgci,https://learn.microsoft.com/graph/api/agentidentityblueprint-post?view=graph-rest-1.0,unchanged,etag,304 Not Modified,2026-09-28T04:40:51Z,2026-06-03,,,,,,
S-efsglmmy,https://learn.microsoft.com/en-us/graph/api/policyroot-list-rolemanagementpolicies?view=graph-rest-1.0,unchanged,etag,304 Not Modified,2026-09-28T04:40:52Z,2025-11-13,,,,,,
S-evafm3dr,https://learn.microsoft.com/graph/api/conditionalaccessroot-post-policies?view=graph-rest-1.0,unchanged,etag,304 Not Modified,2026-09-28T04:40:53Z,2026-03-07,,,,,,
S-fdnhk2tn,https://learn.microsoft.com/entra/agent-id/identity-professional/microsoft-entra-agent-identities-for-ai-agents,unchanged,etag,304 Not Modified,2026-09-28T04:40:55Z,2026-08-13,,,,,,
S-frxelebk,https://learn.microsoft.com/entra/identity/conditional-access/what-if-tool,unchanged,etag,304 Not Modified,2026-09-28T04:40:56Z,2026-08-27,,,,,,
S-h6zdsnii,https://learn.microsoft.com/entra/id-governance/privileged-identity-management/pim-configure,unchanged,etag,304 Not Modified,2026-09-28T04:40:57Z,2026-04-24,,,,,,
S-hk7ngup4,https://learn.microsoft.com/graph/api/resources/devicedetail?view=graph-rest-1.0,unchanged,etag,304 Not Modified,2026-09-28T04:40:58Z,2026-07-04,,,,,,
S-i2npg2z3,https://learn.microsoft.com/entra/identity/hybrid/connect/reference-connect-version-history,unchanged,etag,304 Not Modified,2026-09-28T04:40:59Z,2026-09-24,,,,,,
S-ic4sj2rr,https://learn.microsoft.com/powershell/module/microsoft.entra.reports/get-entraauditsigninlog?view=entra-powershell,unchanged,etag,304 Not Modified,2026-09-28T04:41:00Z,2025-10-14,,,,,,
S-ifhonpv7,https://learn.microsoft.com/entra/agent-id/whats-new-agent-id,unchanged,etag,304 Not Modified,2026-09-28T04:41:01Z,2026-08-13,,,,,,
S-isovad24,https://learn.microsoft.com/entra/identity/conditional-access/concept-conditional-access-report-only,unchanged,etag,304 Not Modified,2026-09-28T04:41:02Z,2026-06-01,,,,,,
S-jpsjsa5i,https://learn.microsoft.com/entra/id-governance/privileged-identity-management/pim-how-to-activate-role,unchanged,etag,304 Not Modified,2026-09-28T04:41:03Z,2026-04-24,,,,,,
S-ketmxnue,https://learn.microsoft.com/en-us/microsoft-agent-365/builder/identity,unchanged,etag,304 Not Modified,2026-09-28T04:41:05Z,2026-05-19,,,,,,
S-kzv67wmw,https://learn.microsoft.com/graph/api/rbacapplication-post-roleeligibilityschedulerequests?view=graph-rest-1.0,unchanged,etag,304 Not Modified,2026-09-28T04:41:05Z,2025-11-08,,,,,,
S-l4557zht,https://learn.microsoft.com/microsoft-copilot-studio/govern-agents-identities-overview,unchanged,etag,304 Not Modified,2026-09-28T04:41:07Z,2026-09-15,,,,,,
S-lcd7y7ff,https://learn.microsoft.com/entra/identity/hybrid/cloud-sync/reference-cloud-sync-faq,unchanged,etag,304 Not Modified,2026-09-28T04:41:08Z,2026-06-15,,,,,,
S-lekwizgd,https://learn.microsoft.com/entra/agent-id/agent-access-packages,unchanged,etag,304 Not Modified,2026-09-28T04:41:09Z,2026-08-31,,,,,,
S-lsnr7k3y,https://learn.microsoft.com/entra/identity/conditional-access/workload-identity,unchanged,etag,304 Not Modified,2026-09-28T04:41:10Z,2026-05-18,,,,,,
S-midck7u4,https://learn.microsoft.com/entra/id-governance/agent-id-governance-overview,unchanged,etag,304 Not Modified,2026-09-28T04:41:11Z,2026-06-24,,,,,,
S-nhcfnxec,https://github.com/microsoftgraph/microsoft-graph-docs-contrib/tree/4ad99fd37a9e2e8538275a0a9cdff7907052f3ec/api-reference/v1.0,pinned,pin,pinned url: its text cannot change (census.py compares the pin with upstream),2026-09-28T03:41:55Z,,,,,,,
S-nuh4ep7w,https://learn.microsoft.com/graph/api/resources/conditionalaccessgrantcontrols?view=graph-rest-1.0,unchanged,etag,304 Not Modified,2026-09-28T04:41:12Z,2026-04-28,,,,,,
S-nyhpa4pp,https://learn.microsoft.com/graph/api/resources/synchronization-synchronizationjob?view=graph-rest-1.0,unchanged,etag,304 Not Modified,2026-09-28T04:41:13Z,2024-11-27,,,,,,
S-nzxr4eg2,https://learn.microsoft.com/graph/api/resources/agentidentityblueprint?view=graph-rest-1.0,unchanged,etag,304 Not Modified,2026-09-28T04:41:14Z,2026-04-25,,,,,,
S-ovycuo7g,https://learn.microsoft.com/entra/identity/conditional-access/overview,unchanged,etag,304 Not Modified,2026-09-28T04:41:16Z,2026-04-28,,,,,,
S-pbkrk3ow,https://learn.microsoft.com/en-us/entra/agent-id/migrate-custom-app-registrations-to-agent-id,unchanged,etag,304 Not Modified,2026-09-28T04:41:17Z,2026-06-17,,,,,,
S-plhfh6ev,https://learn.microsoft.com/entra/identity/hybrid/connect/plan-connect-design-concepts,unchanged,etag,304 Not Modified,2026-09-28T04:41:18Z,2026-02-26,,,,,,
S-q6lirjr2,https://learn.microsoft.com/microsoft-copilot-studio/admin-use-entra-agent-identities,unchanged,etag,304 Not Modified,2026-09-28T04:41:19Z,2026-09-15,,,,,,
S-qj44i4mg,https://learn.microsoft.com/entra/identity/hybrid/cloud-sync/migrate-connect-sync-cloud-sync-tool,unchanged,etag,304 Not Modified,2026-09-28T04:41:20Z,2026-09-16,,,,,,
S-qu7z6wlo,https://learn.microsoft.com/graph/api/resources/conditionalaccessfilter?view=graph-rest-1.0,unchanged,etag,304 Not Modified,2026-09-28T04:41:21Z,2024-11-21,,,,,,
S-qwmc4yvw,https://learn.microsoft.com/entra/identity/hybrid/connect/how-to-connect-device-writeback,unchanged,etag,304 Not Modified,2026-09-28T04:41:22Z,2026-02-26,,,,,,
S-r7wru3uo,https://learn.microsoft.com/entra/identity/conditional-access/concept-conditional-access-conditions,unchanged,etag,304 Not Modified,2026-09-28T04:41:23Z,2026-06-03,,,,,,
S-rasraulp,https://learn.microsoft.com/graph/api/agentidentityblueprint-get?view=graph-rest-1.0,unchanged,etag,304 Not Modified,2026-09-28T04:41:24Z,2026-03-21,,,,,,
S-rb7ssjjy,https://learn.microsoft.com/entra/identity/hybrid/connect/how-to-connect-sync-configure-filtering,unchanged,etag,304 Not Modified,2026-09-28T04:41:26Z,2026-02-26,,,,,,
S-sxxqhpa2,https://learn.microsoft.com/en-us/entra/agent-id/manage-agent-identities-admin,unchanged,etag,304 Not Modified,2026-09-28T04:41:27Z,2026-06-17,,,,,,
S-t2wo7s3a,https://learn.microsoft.com/entra/identity/hybrid/decommission-connect-sync-v1,unchanged,etag,304 Not Modified,2026-09-28T04:41:28Z,2026-06-15,,,,,,
S-tkmjbvgn,https://learn.microsoft.com/entra/identity/conditional-access/concept-conditional-access-grant,unchanged,etag,304 Not Modified,2026-09-28T04:41:29Z,2026-06-16,,,,,,
S-tksnvnpk,https://learn.microsoft.com/entra/id-governance/entitlement-management-access-package-auto-assignment-policy,unchanged,etag,304 Not Modified,2026-09-28T04:41:30Z,2026-08-05,,,,,,
S-upv53vkh,https://learn.microsoft.com/graph/api/resources/unifiedroleeligibilityschedulerequest?view=graph-rest-1.0,unchanged,etag,304 Not Modified,2026-09-28T04:41:31Z,2024-11-27,,,,,,
S-uva2ob4g,https://learn.microsoft.com/entra/agent-id/best-practices-agent-id,unchanged,etag,304 Not Modified,2026-09-28T04:41:32Z,2026-08-14,,,,,,
S-vra6j7cx,https://learn.microsoft.com/graph/api/synchronization-synchronizationjob-start?view=graph-rest-1.0,unchanged,etag,304 Not Modified,2026-09-28T04:41:33Z,2026-07-03,,,,,,
S-xnr7ugsj,https://learn.microsoft.com/graph/api/resources/privilegedidentitymanagementv3-overview?view=graph-rest-1.0,unchanged,etag,304 Not Modified,2026-09-28T04:41:35Z,2026-07-03,,,,,,
S-ze3aud2j,https://learn.microsoft.com/entra/identity/hybrid/cloud-sync/how-to-prerequisites,unchanged,etag,304 Not Modified,2026-09-28T04:41:35Z,2026-07-29,,,,,,
