platform,ownership,enrollment_type,method,supervised_or_management_level,notes,source_id
iOS/iPadOS,Corporate,Automated Device Enrollment (ADE) with user affinity,Setup Assistant with modern authentication or Company Portal app,Supervised (default),Recommended for corporate-owned devices bought through Apple Business/School Manager; zero-touch,S-yiwjr2wo
iOS/iPadOS,Corporate/shared,Automated Device Enrollment (ADE) without user affinity,No end-user action; Setup Assistant skipped for Shared iPad,Supervised (default),Userless/kiosk or Apple Shared iPad for Business (must be supervised),S-wdoafrjc
iOS/iPadOS,Corporate (existing devices),Apple Configurator (direct enrollment),USB-connected Mac running Apple Configurator,Supervised or unsupervised (admin choice),For devices not in ABM/ASM or without ADE token access; can enroll with or without user affinity,S-wdoafrjc
iOS/iPadOS,BYOD/personal,Device enrollment with Company Portal,Company Portal app,Unsupervised; full device management,Requires user affinity (can be DEM account); only ADE devices get MDM-forced OS updates,S-wdoafrjc
iOS/iPadOS,BYOD/personal,Web based device enrollment,Company Portal website (no app install),Unsupervised,iOS 15+; lets users without a managed Apple ID enroll and get VPP apps,S-wdoafrjc
iOS/iPadOS,BYOD/personal,Account driven user enrollment (Apple User Enrollment),Settings app > VPN & Device Management,Unsupervised; managed APFS volume only,iOS/iPadOS 15+ full feature set (13+ minimum); falls back to legacy flow on 14.9 and earlier,S-7synnxi2
iOS/iPadOS,BYOD/personal,User enrollment with Company Portal (deprecated),Company Portal app + Safari + Settings,Unsupervised; managed APFS volume only,Deprecated for new enrollments; existing profiles still supported,S-7synnxi2
Android,BYOD/personal,Android Enterprise personally owned work profile,Web-based enrollment (recommended) or Company Portal app,Work profile (no device-level supervision),Uses GMS; can be marked corporate or personal; supports DEM,S-3v22wodo
Android,Corporate,Android Enterprise fully managed (COBO),QR code / token / zero-touch / NFC / Knox Mobile Enrollment,Fully managed; single user; work-only,Requires factory reset; DEM not supported,S-3v22wodo
Android,Corporate (userless),Android Enterprise dedicated (COSU),QR code / token / zero-touch / NFC / Knox Mobile Enrollment,Fully managed; kiosk; no assigned user,Requires factory reset; DEM not supported; not supported via enrollment token or NFC on Android 11 COPE (n/a here),S-3v22wodo
Android,Corporate + personal use,Android Enterprise corporate-owned work profile (COPE),QR code / zero-touch / Knox Mobile Enrollment,Work profile + personal profile; single user,Requires factory reset; DEM not supported; token/NFC not supported on Android 11.0,S-zdoohqe4
Android,Corporate (no GMS),Android Open Source Project (AOSP) corporate-owned userless,QR code,Fully managed; no GMS,One device at a time (no bulk); limited OEM support; requires factory reset,S-3v22wodo
Android,Corporate (no GMS),Android Open Source Project (AOSP) corporate-owned user-associated,QR code,Fully managed; no GMS; single user,One device at a time (no bulk); limited OEM support,S-3v22wodo
Android,Corporate or BYOD (deprecated),Android device administrator (DA),Company Portal / Intune app,Device administrator (legacy API),Deprecated; ended for GMS devices Aug 2024; supported only for Android 15-/no-GMS devices,S-pcr6rjdl
