version,property,kind,type,declared_on,nullable,filterable,filter_ops,select_only,evidence,note
v1.0,id,Property,Edm.String,entity,false,yes,"eq, ne, not, in",no,docs,"filter note differs (csdl=-, docs=yes)"
v1.0,deletedDateTime,Property,Edm.DateTimeOffset,directoryObject,true,not stated,,no,,not in docs resource page
v1.0,accountEnabled,Property,Edm.Boolean,device,true,yes,"eq, ne, not, in",no,csdl;docs,
v1.0,alternativeSecurityIds,Property,Collection(graph.alternativeSecurityId),device,false,yes,"eq, not, ge, le",no,csdl;docs,
v1.0,approximateLastSignInDateTime,Property,Edm.DateTimeOffset,device,true,yes,"eq, ne, not, ge, le, and eq on null values",no,csdl;docs,
v1.0,complianceExpirationDateTime,Property,Edm.DateTimeOffset,device,true,not stated,,no,,
v1.0,deviceCategory,Property,Edm.String,device,true,not stated,,no,,
v1.0,deviceId,Property,Edm.String,device,true,yes,"eq, ne, not, startsWith",no,csdl;docs,
v1.0,deviceMetadata,Property,Edm.String,device,true,not stated,,no,,
v1.0,deviceOwnership,Property,Edm.String,device,true,not stated,,no,,
v1.0,deviceVersion,Property,Edm.Int32,device,true,not stated,,no,,
v1.0,displayName,Property,Edm.String,device,true,yes,"eq, ne, not, ge, le, in, startsWith, and eq on null values",no,csdl;docs,
v1.0,enrollmentProfileName,Property,Edm.String,device,true,not stated,,no,,
v1.0,enrollmentType,Property,Edm.String,device,true,not stated,,no,,
v1.0,isCompliant,Property,Edm.Boolean,device,true,yes,"eq, ne, not",no,csdl;docs,
v1.0,isManaged,Property,Edm.Boolean,device,true,yes,"eq, ne, not",no,csdl;docs,
v1.0,isManagementRestricted,Property,Edm.Boolean,device,true,not stated,,yes,docs,
v1.0,isRooted,Property,Edm.Boolean,device,true,not stated,,no,,
v1.0,managementType,Property,Edm.String,device,true,not stated,,no,,
v1.0,manufacturer,Property,Edm.String,device,true,not stated,,no,,
v1.0,mdmAppId,Property,Edm.String,device,true,yes,"eq, ne, not, startsWith",no,csdl;docs,
v1.0,model,Property,Edm.String,device,true,not stated,,no,,
v1.0,onPremisesLastSyncDateTime,Property,Edm.DateTimeOffset,device,true,yes,"eq, ne, not, ge, le, in",no,csdl;docs,
v1.0,onPremisesSecurityIdentifier,Property,Edm.String,device,true,yes,eq,yes,csdl;docs,
v1.0,onPremisesSyncEnabled,Property,Edm.Boolean,device,true,yes,"eq, ne, not, in, and eq on null values",no,csdl;docs,
v1.0,operatingSystem,Property,Edm.String,device,true,yes,"eq, ne, not, ge, le, startsWith, and eq on null values",no,csdl;docs,
v1.0,operatingSystemVersion,Property,Edm.String,device,true,yes,"eq, ne, not, ge, le, startsWith, and eq on null values",no,csdl;docs,
v1.0,physicalIds,Property,Collection(Edm.String),device,false,yes,"eq, not, ge, le, startsWith,/$count eq 0, /$count ne 0",no,csdl;docs,
v1.0,profileType,Property,Edm.String,device,true,not stated,,no,,
v1.0,registrationDateTime,Property,Edm.DateTimeOffset,device,true,not stated,,no,,
v1.0,systemLabels,Property,Collection(Edm.String),device,false,yes,"/$count eq 0, /$count ne 0",no,csdl;docs,
v1.0,trustType,Property,Edm.String,device,true,yes,"eq, ne, not, in",no,csdl;docs,
v1.0,extensions,NavigationProperty,Collection(graph.extension),device,true,not stated,,no,,
v1.0,memberOf,NavigationProperty,Collection(graph.directoryObject),device,true,not stated,,no,,
v1.0,registeredOwners,NavigationProperty,Collection(graph.directoryObject),device,true,not stated,,no,,
v1.0,registeredUsers,NavigationProperty,Collection(graph.directoryObject),device,true,not stated,,no,,
v1.0,transitiveMemberOf,NavigationProperty,Collection(graph.directoryObject),device,true,not stated,,no,,
beta,id,Property,Edm.String,entity,false,yes,"eq, ne, not, in",no,docs,"filter note differs (csdl=-, docs=yes)"
beta,deletedDateTime,Property,Edm.DateTimeOffset,directoryObject,true,not stated,,no,,not in docs resource page
beta,accountEnabled,Property,Edm.Boolean,device,true,yes,"eq, ne, not, in",no,csdl;docs,
beta,alternativeNames,Property,Collection(Edm.String),device,true,not stated,,no,,
beta,alternativeSecurityIds,Property,Collection(graph.alternativeSecurityId),device,false,yes,"eq, not, ge, le",no,csdl;docs,
beta,approximateLastSignInDateTime,Property,Edm.DateTimeOffset,device,true,yes,"eq, ne, not, ge, le, and eq on null values",no,csdl;docs,
beta,complianceExpirationDateTime,Property,Edm.DateTimeOffset,device,true,not stated,,no,,
beta,deviceCategory,Property,Edm.String,device,true,not stated,,no,,
beta,deviceId,Property,Edm.String,device,true,yes,"eq, ne, not, startsWith",no,csdl;docs,
beta,deviceMetadata,Property,Edm.String,device,true,not stated,,no,,
beta,deviceOwnership,Property,Edm.String,device,true,not stated,,no,,
beta,deviceVersion,Property,Edm.Int32,device,true,not stated,,no,,
beta,displayName,Property,Edm.String,device,true,yes,"eq, ne, not, ge, le, in, startsWith, and eq on null values",no,csdl;docs,
beta,domainName,Property,Edm.String,device,true,not stated,,no,,
beta,enrollmentProfileName,Property,Edm.String,device,true,not stated,,no,,
beta,enrollmentType,Property,Edm.String,device,true,not stated,,no,,
beta,extensionAttributes,Property,graph.onPremisesExtensionAttributes,device,true,yes,"eq, not, startsWith, and eq on null values",no,csdl;docs,
beta,hostnames,Property,Collection(Edm.String),device,true,not stated,,no,,
beta,isCompliant,Property,Edm.Boolean,device,true,yes,"eq, ne, not",no,csdl;docs,
beta,isManaged,Property,Edm.Boolean,device,true,yes,"eq, ne, not",no,csdl;docs,
beta,isManagementRestricted,Property,Edm.Boolean,device,true,not stated,,no,,
beta,isRooted,Property,Edm.Boolean,device,true,not stated,,no,,
beta,kind,Property,Edm.String,device,true,not stated,,no,,
beta,managementType,Property,Edm.String,device,true,not stated,,no,,
beta,manufacturer,Property,Edm.String,device,true,not stated,,no,,
beta,mdmAppId,Property,Edm.String,device,true,yes,"eq, ne, not, startsWith",no,csdl;docs,
beta,model,Property,Edm.String,device,true,not stated,,no,,
beta,name,Property,Edm.String,device,true,not stated,,no,,
beta,onPremisesLastSyncDateTime,Property,Edm.DateTimeOffset,device,true,yes,"eq, ne, not, ge, le, in",no,csdl;docs,
beta,onPremisesSecurityIdentifier,Property,Edm.String,device,true,yes,eq,yes,csdl;docs,
beta,onPremisesSyncEnabled,Property,Edm.Boolean,device,true,yes,"eq, ne, not, in, and eq on null values",no,csdl;docs,
beta,operatingSystem,Property,Edm.String,device,true,yes,"eq, ne, not, ge, le, startsWith, and eq on null values",no,csdl;docs,
beta,operatingSystemVersion,Property,Edm.String,device,true,yes,"eq, ne, not, ge, le, startsWith, and eq on null values",no,csdl;docs,
beta,physicalIds,Property,Collection(Edm.String),device,false,yes,,no,csdl;docs,
beta,platform,Property,Edm.String,device,true,not stated,,no,,
beta,profileType,Property,Edm.String,device,true,not stated,,no,,
beta,registrationDateTime,Property,Edm.DateTimeOffset,device,true,not stated,,no,,
beta,status,Property,Edm.String,device,true,not stated,,no,,
beta,systemLabels,Property,Collection(Edm.String),device,false,yes,"/$count eq 0, /$count ne 0",no,csdl;docs,
beta,trustType,Property,Edm.String,device,true,yes,"eq, ne, not, in",no,csdl;docs,
beta,commands,NavigationProperty,Collection(graph.command),device,true,not stated,,no,,
beta,deviceTemplate,NavigationProperty,Collection(graph.deviceTemplate),device,true,not stated,,no,,
beta,extensions,NavigationProperty,Collection(graph.extension),device,true,not stated,,no,,
beta,memberOf,NavigationProperty,Collection(graph.directoryObject),device,true,not stated,,no,,
beta,registeredOwners,NavigationProperty,Collection(graph.directoryObject),device,true,not stated,,no,,
beta,registeredUsers,NavigationProperty,Collection(graph.directoryObject),device,true,not stated,,no,,
beta,transitiveMemberOf,NavigationProperty,Collection(graph.directoryObject),device,true,not stated,,no,,
beta,usageRights,NavigationProperty,Collection(graph.usageRight),device,true,not stated,,no,,
