kind,item,notes,source_id
registry_key,HKLM\SOFTWARE\Microsoft\CloudManagedUpdate,,S-6epv7qzl
registry_key,HKLM\SOFTWARE\Microsoft\EPMAgent,,S-6epv7qzl
registry_key,HKLM\SOFTWARE\Microsoft\PolicyManager\current\device\DeviceHealthMonitoring,,S-6epv7qzl
registry_key,HKLM\SOFTWARE\Microsoft\IntuneManagementExtension,,S-6epv7qzl
registry_key,HKLM\SOFTWARE\Microsoft\SystemCertificates\AuthRoot,,S-6epv7qzl
registry_key,HKLM\SOFTWARE\Microsoft\Windows\CurrentVersion\Authentication\LogonUI,,S-6epv7qzl
registry_key,HKLM\SOFTWARE\Microsoft\Windows\CurrentVersion\Internet Settings,,S-6epv7qzl
registry_key,HKLM\SOFTWARE\Microsoft\Windows\CurrentVersion\Uninstall,,S-6epv7qzl
registry_key,HKLM\SOFTWARE\Microsoft\DeviceInventory,,S-6epv7qzl
registry_key,HKLM\SOFTWARE\Policies\Microsoft\Cryptography\Configuration\SSL,,S-6epv7qzl
registry_key,HKLM\SOFTWARE\WOW6432Node\Microsoft\Windows\CurrentVersion\Uninstall,,S-6epv7qzl
registry_key,HKLM\SYSTEM\CurrentControlSet\Control\SecurityProviders\SCHANNEL,,S-6epv7qzl
registry_key,HKLM\SYSTEM\CurrentControlSet\Services\SharedAccess\Parameters\FirewallPolicy\Mdm,,S-6epv7qzl
registry_key,HKLM\SYSTEM\Setup\SetupDiag\Results,,S-6epv7qzl
command,%programfiles%\windows defender\mpcmdrun.exe -GetFiles,,S-6epv7qzl
command,%windir%\system32\certutil.exe -store,,S-6epv7qzl
command,%windir%\system32\certutil.exe -store -user my,,S-6epv7qzl
command,%windir%\system32\Dsregcmd.exe /status,,S-6epv7qzl
command,%windir%\system32\ipconfig.exe /all,,S-6epv7qzl
command,%windir%\system32\mdmdiagnosticstool.exe,no -area argument listed in the table,S-6epv7qzl
command,%windir%\system32\msinfo32.exe /report %temp%\MDMDiagnostics\msinfo32.log,,S-6epv7qzl
command,%windir%\system32\netsh.exe advfirewall show allprofiles,,S-6epv7qzl
command,%windir%\system32\netsh.exe advfirewall show global,,S-6epv7qzl
command,%windir%\system32\netsh.exe lan show profiles,,S-6epv7qzl
command,%windir%\system32\netsh.exe winhttp show proxy,,S-6epv7qzl
command,%windir%\system32\netsh.exe wlan show profiles,,S-6epv7qzl
command,%windir%\system32\netsh.exe wlan show wlanreport,,S-6epv7qzl
command,%windir%\system32\ping.exe -n 50 localhost,,S-6epv7qzl
command,%windir%\system32\pnputil.exe /enum-drivers,,S-6epv7qzl
command,%windir%\system32\powercfg.exe /batteryreport /output %temp%\MDMDiagnostics\battery-report.html,,S-6epv7qzl
command,%windir%\system32\powercfg.exe /energy /output %temp%\MDMDiagnostics\energy-report.html,,S-6epv7qzl
event_log,Application,,S-6epv7qzl
event_log,Microsoft-Windows-AppLocker/EXE and DLL,,S-6epv7qzl
event_log,Microsoft-Windows-AppLocker/MSI and Script,,S-6epv7qzl
event_log,Microsoft-Windows-AppLocker/Packaged app-Deployment,,S-6epv7qzl
event_log,Microsoft-Windows-AppLocker/Packaged app-Execution,,S-6epv7qzl
event_log,Microsoft-Windows-AppxPackaging/Operational,,S-6epv7qzl
event_log,Microsoft-Windows-Bitlocker/Bitlocker Management,,S-6epv7qzl
event_log,Microsoft-Windows-HelloForBusiness/Operational,,S-6epv7qzl
event_log,Microsoft-Windows-SENSE/Operational,,S-6epv7qzl
event_log,Microsoft-Windows-SenseIR/Operational,,S-6epv7qzl
event_log,Microsoft-Windows-Windows Firewall With Advanced Security/Firewall,,S-6epv7qzl
event_log,Microsoft-Windows-WinRM/Operational,,S-6epv7qzl
event_log,Microsoft-Windows-WMI-Activity/Operational,,S-6epv7qzl
event_log,Microsoft-Windows-AppXDeployment/Operational,,S-6epv7qzl
event_log,Microsoft-Windows-AppXDeploymentServer/Operational,,S-6epv7qzl
event_log,Setup,,S-6epv7qzl
event_log,System,,S-6epv7qzl
file,%ProgramData%\Microsoft\DiagnosticLogCSP\Collectors\*.etl,,S-6epv7qzl
file,%ProgramFiles%\Microsoft EPM Agent\Logs\*.*,,S-6epv7qzl
file,%Program Files%\Microsoft Device Inventory Agent\Logs,spelling as published (space inside %Program Files%),S-6epv7qzl
file,%ProgramData%\Microsoft\IntuneManagementExtension\Logs\*.*,,S-6epv7qzl
file,%ProgramData%\Microsoft\Windows Defender\Support\MpSupportFiles.cab,,S-6epv7qzl
file,%ProgramData%\Microsoft\Windows\WlanReport\wlan-report-latest.html,,S-6epv7qzl
file,%ProgramData%\USOShared\logs\system\*.etl,,S-6epv7qzl
file,%ProgramData Microsoft Update Health Tools\Logs\*.etl,spelling as published (missing % and backslash),S-6epv7qzl
file,%temp%\CloudDesktop\*.log,,S-6epv7qzl
file,%temp%\MDMDiagnostics\battery-report.html,,S-6epv7qzl
file,%temp%\MDMDiagnostics\energy-report.html,,S-6epv7qzl
file,%temp%\MDMDiagnostics\mdmlogs-<Date/Time>.cab,,S-6epv7qzl
file,%temp%\MDMDiagnostics\msinfo32.log,,S-6epv7qzl
file,%windir%\ccm\logs\*.log,ConfigMgr client logs,S-6epv7qzl
file,%windir%\ccmsetup\logs\*.log,ConfigMgr client setup logs,S-6epv7qzl
file,%windir%\logs\CBS\cbs.log,,S-6epv7qzl
file,%windir%\logs\measuredboot\*.*,,S-6epv7qzl
file,%windir%\logs\Panther\unattendgc\setupact.log,,S-6epv7qzl
file,%windir%\logs\SoftwareDistribution\ReportingEvent\measuredboot\*.log,,S-6epv7qzl
file,%windir%\Logs\SetupDiag\SetupDiagResults.xml,,S-6epv7qzl
file,%windir%\logs\WindowsUpdate\*.etl,,S-6epv7qzl
file,%windir%\SensorFramework\*.etl,,S-6epv7qzl
file,%windir%\system32\config\systemprofile\AppData\Local\mdm\*.log,,S-6epv7qzl
file,%windir%\temp\%computername%*.log,,S-6epv7qzl
file,%windir%\temp\officeclicktorun*.log,,S-6epv7qzl
file,%TEMP%\winget\defaultstate*.log,,S-6epv7qzl
