system,event_id_or_log_category,what_it_records,where_collected,sources
Windows Security log,4624 (S) / 4625 (F),an account was successfully logged on / failed to log on,Windows Event Log Security channel,S1367
Windows Security log,4768 (S/F),a Kerberos authentication ticket (TGT) was requested,DC Security event log,S1365
Windows Security log,4769 (S/F),a Kerberos service ticket was requested,DC Security event log,S1366
Windows Security log,4771 (F),Kerberos pre-authentication failed,DC Security event log,S1365
Windows Security log,4776 (S/F),"the computer attempted to validate the credentials for an account (logged by the authoritative computer: the DC for domain accounts, where it tracks NTLM authentication)",Security event log (DC for domain accounts; local computer for local accounts),S-vudqagwn
Windows Security log,4725 (S),a user account was disabled,Security event log (DC and member computers/computer accounts),S1364
Windows Security log,4738 (S),a user account was changed,Security event log (DC and member computers),S1364
Windows Security log,4728 (S) / 4729 (S),a member was added to / removed from a security-enabled global group,DC Security event log (domain groups only),S1363
Windows Security log,4732 (S) / 4733 (S),a member was added to / removed from a security-enabled local group,Security event log (DC/member server/workstation),S1363
Windows Security log,4756 (S) / 4757 (S),a member was added to / removed from a security-enabled universal group,DC Security event log (domain groups only),S1363
Windows Security log,4662 (S/F),an operation was performed on an AD object (Properties field lists the classes/property sets; generated only when a matching SACL is set),DC Security event log,S1369; S-2lkr2v7m
Windows Security log,5136 (S),a directory-service object was modified (old and new attribute values),DC Security event log,S1370
Windows-NTLM/Operational,8001-8006,"NTLM use that the Restrict NTLM audit policies record, i.e. traffic that blocking would stop (8001 client outgoing NTLM; 8002 incoming NTLM not needing a DC, e.g. local accounts or loopback; 8003 member server, domain account needing DC validation; 8004 DC, validation from a domain member over secure channel; 8005 DC, direct NTLM logon to the DC; 8006 DC, validation from a trusted domain). Needs the three Restrict NTLM audit policies; once blocking is enforced 4001-4006 are logged instead. Windows 11 24H2 / Server 2025 add richer events 4020/4022/4030/4032 (use) and 4021/4023/4031/4033 (blocked)",Applications and Services Logs > Microsoft > Windows > NTLM > Operational,S1371
Entra ID,Directory audit log (activityDisplayName per reference-audit-activities),group/role/application/service-principal/user create-update-delete-disable operations,Microsoft Entra admin center Audit logs / Graph auditLogs/directoryAudits API,S1359; S-mubyxer3
Entra ID,Sign-in log -- interactive user sign-ins,sign-ins where the user supplies an authentication factor (password/MFA/biometric/QR),Microsoft Entra admin center Sign-in logs / Graph auditLogs/signIns API,S1362; S-mubyxer3
Entra ID,Sign-in log -- non-interactive user sign-ins,delegated sign-ins performed by a client app or OS component on behalf of a user without a fresh factor,Microsoft Entra admin center Sign-in logs / Graph auditLogs/signIns API,S1361; S-mubyxer3
Entra ID,Sign-in log -- service principal sign-ins,sign-ins by a non-user principal (app/service principal),Microsoft Entra admin center Sign-in logs (service principal sign-ins) / Graph auditLogs/signIns API,S1360; S-h2gj3bko; S-mubyxer3
Entra ID,Sign-in log -- managed identity sign-ins,sign-ins by resources whose secrets are managed by Azure (managed identities for Azure resources),Microsoft Entra admin center Sign-in logs (managed identity sign-ins) / Graph auditLogs/signIns API,S-fzswb76a; S-h2gj3bko; S-mubyxer3
Microsoft Graph,Microsoft Graph activity logs,"every HTTP request the Graph service processes for the tenant: caller AppId, ServicePrincipalId or UserId, RequestMethod, RequestUri, ResponseStatusCode, Scopes, Roles, IP address, token and sign-in activity ids","Microsoft Entra diagnostic settings -> Log Analytics (MicrosoftGraphActivityLogs), Azure Storage or Event Hubs; needs Entra ID P1/P2, Security Administrator is the least privileged setup role, delivery usually within 30 minutes (up to 2 hours)",S-m2yttazv
ConfigMgr,Audit status messages (message IDs largely in the 30xxx range per community documentation; no single Microsoft Learn page enumerates the full id list),"object add/modify/delete performed by a ConfigMgr administrative user, generated automatically by the SMS Provider","SMS Provider status messages, queryable via SMS_StatusMessage WMI class / console Status Message queries","S-2gxpfnjz (audit type generated automatically by the provider, DOC); S1372 (SMS_StatusMessage query, DOC); S-rm7qmev7 (console Status Message Queries, DOC); S1373 (specific 30xxx id ranges and example queries, COMMUNITY)"
SQL Server,SUCCESSFUL_LOGIN_GROUP / FAILED_LOGIN_GROUP,successful / failed logins to the SQL Server instance,"SQL Server Audit target (file, Windows Security log, or Windows Application log)",S1357; S-srnmxykl
SQL Server,DATABASE_ROLE_MEMBER_CHANGE_GROUP,a login added to or removed from a database role,SQL Server Audit target,S1357; S-srnmxykl
SQL Server,SERVER_ROLE_MEMBER_CHANGE_GROUP,a login added to or removed from a fixed server role,SQL Server Audit target,S1357; S-srnmxykl
SQL Server,SCHEMA_OBJECT_ACCESS_GROUP,an object permission was used in the schema,SQL Server Audit target,S1357; S-srnmxykl
GitLab,Audit events,"project/group/instance-level changes (membership, roles, protected branch/tag, settings) plus sign-in events","GitLab UI Audit events page / Audit Events API; sign-in events are available on all tiers, group/project-level audit events need Premium or Ultimate",S1374
