change_kind,takes_effect_at,typical_latency,maximum_latency,force_refresh,verify,sources
AD group add/remove,next Kerberos TGT issuance for global and universal groups (the TGS copies the TGT's PAC into each service ticket and a renewal keeps the PAC; MS-KILE's 20-minute account re-check only tests good standing); domain-local groups of the resource domain are added fresh to each service ticket,"none automatic until lock/unlock, sign-out or TGT expiry (typically 10h); a TGT renewal does not refresh it",up to the TGT's remaining lifetime (default max 10h),lock then unlock or sign out and in; klist purge; a TGT renewal does not refresh group SIDs; gpupdate does not either,whoami /groups; klist,"S-ffrzumip,S-ltkr37vz,S-v5wjmc3h,S-r6vi3iik (DOC: TGT and PAC behaviour); S1344 (DOC: 10h default); S1380,S1378 (DER: the 20-minute check's scope excludes group membership)"
Entra security-group add/remove,next access/ID token issuance,no per-change figure published; Exchange Online and SharePoint Online can take up to one day,up to the token's lifetime (1h default; up to 28h for CAE-aware sessions),sign out/in; revoke refresh tokens,Graph GET /me/memberOf; decode groups claim,S1347 (DOC: one day for EXO/SPO; DER: token lifetime bounds the delay)
Entra dynamic group rule change,re-evaluation of the rule against directory objects,typically within a few hours,can take more than 24 hours,no on-demand trigger; editing the rule (for example adding a trailing space) reprocesses it,Graph GET /groups/{id}/members,"S-pq22l6q6,S-n6x3ci6g (DOC)"
PIM for Groups activation,membership added or removed within seconds; apps that cached membership apply it later; on-prem AD only through Cloud Sync group writeback,seconds for the membership; Intune roles backed by PIM for Groups typically up to 15 minutes,up to the calling app's token lifetime (DER),re-authenticate,checkMemberGroups; token groups claim,"S1282,S-ljhugmcx (DOC); S1281 (DOC: group writeback); token-lifetime bound DER"
PIM role activation,active assignment created within seconds; resource providers that cached the role apply it later,seconds (Intune Administrator via Entra PIM typically within 10 seconds),until the app refreshes its cached role; signing out and in can help,sign out and in,Microsoft Entra admin center Roles and administrators,"S-jpsjsa5i,S-ljhugmcx (DOC)"
App role assignment (group-to-app-role),next token issuance for that app,no figure published (next token),up to token lifetime,sign out/in; revoke refresh tokens,decode roles claim in access token,S1347 (DER: token lifetime bounds the delay; no Learn app-roles page gives a figure)
ConfigMgr security role/scope change on an AD group,next AdminService/SMS Provider call made with a new Kerberos TGT,"as for AD group add/remove (new TGT: lock, sign-out or expiry); an SMS Provider cache on top is not documented",up to the TGT's remaining lifetime (default max 10h) as far as documented,lock then unlock or sign out and in; klist purge,AdminService call as the user; Configuration Manager console re-logon,"S-ffrzumip (DOC: TGT rule); S1218,S-iqal4gqk (DER: no provider cache documented; lab check in _gaps.md)"
Intune role or scope tag change,next Intune/Graph authorization after the assignment applies,PIM-for-Groups-backed role assignment typically up to 15 minutes; Entra PIM on Intune Administrator about 10 seconds; no figure published for a direct role or scope-tag edit,not published,none documented,attempt the operation,S-ljhugmcx (DOC)
SQL login/role change (AD group-based login),next connection (the connection caches the login's Windows group membership),immediate for new connections,existing open connections keep prior permissions until sign-out and sign-in,new connection; KILL existing session,SELECT ... FROM sys.login_token / IS_MEMBER(),S1375 (DOC)
GitLab membership change,"after the asynchronous project_authorizations refresh (AuthorizedProjectsWorker, high priority) queued by the membership change","near-immediate, depending on the background job queue",not published,none needed,GitLab UI Members page; API GET /members,"S-sjlqevgj (DOC); S-m45iz65n,S-yg2usmqp (CODE at v19.4.1-ee)"
Entra Connect Sync (on-prem AD group -> Entra),next scheduled sync cycle,30 minutes (default sync cycle interval),configurable (CustomizedSyncCycleInterval) but never below AllowedSyncCycleInterval set by Entra ID; can be forced,Start-ADSyncSyncCycle -PolicyType Delta,Synchronization Service Manager; Entra sign-in/audit logs,S1346
Entra Cloud Sync (on-prem AD group -> Entra),next scheduled provisioning cycle,users and groups approximately every 10 to 20 minutes (FAQ); the architecture page says every two minutes (see _conflicts.md),depends on the number of pending changes,Restart sync in the Microsoft Entra admin center,provisioning logs,"S1280,S-2vza23mx,S-h6idpd4a (DOC)"
